{
	"__comment": "Designed by Memory520 with Cubik Studio - https://cubik.studio",
	"ambientocclusion": false,
	"textures": {
		"crop": "./gmc2"
	},
	"elements": [ 	 
		{
			"__comment": "Element",
			"from": [ 4, -1, 0 ],
			"to": [ 4.001, 15, 16 ],
			"shade": false,
			"faces": {
				"west": { "uv": [ 0, 8, 8, 16 ], "texture": "#crop" },
				"east": { "uv": [ 0, 8, 8, 16 ], "texture": "#crop" }
			}
		},
		{
			"__comment": "Element",
			"from": [ 12, -1, 0 ],
			"to": [ 12.001, 15, 16 ],
			"shade": false,
			"faces": {
				"west": { "uv": [ 0, 8, 8, 16 ], "texture": "#crop" },
				"east": { "uv": [ 0, 8, 8, 16 ], "texture": "#crop" }
			}
		},
		{
			"__comment": "Element",
			"from": [ 0, -1, 4 ],
			"to": [ 16, 15, 4.001 ],
			"shade": false,
			"faces": {
				"north": { "uv": [ 0, 8, 8, 16 ], "texture": "#crop" },
				"south": { "uv": [ 0, 8, 8, 16 ], "texture": "#crop" }
			}
		},
		{
			"__comment": "Element",
			"from": [ 0, -1, 12 ],
			"to": [ 16, 15, 12.001 ],
			"shade": false,
			"faces": {
				"north": { "uv": [ 0, 8, 8, 16 ], "texture": "#crop" },
				"south": { "uv": [ 0, 8, 8, 16 ], "texture": "#crop" }
			}
		},
		{
			"__comment": "Element",
			"from": [ 1.5, -1, 0 ],
			"to": [ 1.501, 15, 16 ],
			"shade": false,
			"faces": {
				"west": { "uv": [ 0, 0, 8, 8 ], "texture": "#crop" },
				"east": { "uv": [ 0, 0, 8, 8 ], "texture": "#crop" }
			}
		},
		{
			"__comment": "Element",
			"from": [ 14, -1, 0 ],
			"to": [ 14.001, 15, 16 ],
			"shade": false,
			"faces": {
				"west": { "uv": [ 0, 0, 8, 8 ], "texture": "#crop" },
				"east": { "uv": [ 0, 0, 8, 8 ], "texture": "#crop" }
			}
		},
		{
			"__comment": "Element",
			"from": [ 0, -1, 1.5 ],
			"to": [ 16, 15, 1.501 ],
			"shade": false,
			"faces": {
				"north": { "uv": [ 0, 0, 8, 8 ], "texture": "#crop" },
				"south": { "uv": [ 0, 0, 8, 8 ], "texture": "#crop" }
			}
		},
		{
			"__comment": "Element",
			"from": [ 0, -1, 14 ],
			"to": [ 16, 15, 14.001 ],
			"shade": false,
			"faces": {
				"north": { "uv": [ 0, 0, 8, 8 ], "texture": "#crop" },
				"south": { "uv": [ 0, 0, 8, 8 ], "texture": "#crop" }
			}
		},
		{
			"__comment": "Element",
			"from": [ -1.5, -1, 2 ],
			"to": [ 14.5, 15, 2.001 ],
			"rotation": { "origin": [ 14.5, -1, 2 ], "axis": "y", "angle": 45 },
			"shade": false,
			"faces": {
				"north": { "uv": [ 0, 8, 8, 16 ], "texture": "#crop" },
				"south": { "uv": [ 0, 8, 8, 16 ], "texture": "#crop" }
			}
		},
		{
			"__comment": "Element",
			"from": [ 2, -1, 2 ],
			"to": [ 18, 15, 2.001 ],
			"rotation": { "origin": [ 2, -1, 2 ], "axis": "y", "angle": -45 },
			"shade": false,
			"faces": {
				"north": { "uv": [ 0, 8, 8, 16 ], "texture": "#crop" },
				"south": { "uv": [ 0, 8, 8, 16 ], "texture": "#crop" }
			}
		},
		{
			"__comment": "Element",
			"from": [ 0, 10, -0.5 ],
			"to": [ 16, 10.001, 15.5 ],
			"shade": false,
			"faces": {
				"down": { "uv": [ 8, 16, 0, 8 ], "texture": "#crop", "rotation": 90 },
				"up": { "uv": [ 0, 8, 8, 16 ], "texture": "#crop", "rotation": 270 }
			}
		},
		{
			"__comment": "Element",
			"from": [ -2.5, -1, 9 ],
			"to": [ 13.5, 15, 9.001 ],
			"rotation": { "origin": [ -2.5, -1, 9 ], "axis": "y", "angle": 45 },
			"shade": false,
			"faces": {
				"north": { "uv": [ 0, 0, 8, 8 ], "texture": "#crop" },
				"south": { "uv": [ 0, 0, 8, 8 ], "texture": "#crop" }
			}
		},
		{
			"__comment": "Element",
			"from": [ 8.5, -1, -3.5 ],
			"to": [ 8.501, 15, 12.5 ],
			"rotation": { "origin": [ 8.5, -1, -3.5 ], "axis": "y", "angle": 45 },
			"shade": false,
			"faces": {
				"west": { "uv": [ 0, 0, 8, 8 ], "texture": "#crop" },
				"east": { "uv": [ 0, 0, 8, 8 ], "texture": "#crop" }
			}
		},
		{
			"__comment": "Element",
			"from": [ -1.5, -1, 8 ],
			"to": [ -1.499, 15, 24 ],
			"rotation": { "origin": [ -1.5, -1, 8 ], "axis": "y", "angle": 45 },
			"shade": false,
			"faces": {
				"west": { "uv": [ 0, 0, 8, 8 ], "texture": "#crop" },
				"east": { "uv": [ 0, 0, 8, 8 ], "texture": "#crop" }
			}
		},
		{
			"__comment": "Element",
			"from": [ 8.5, -1, 18.5 ],
			"to": [ 24.5, 15, 18.501 ],
			"rotation": { "origin": [ 8.5, -1, 18.5 ], "axis": "y", "angle": 45 },
			"shade": false,
			"faces": {
				"north": { "uv": [ 0, 0, 8, 8 ], "texture": "#crop" },
				"south": { "uv": [ 0, 0, 8, 8 ], "texture": "#crop" }
			}
		}
	],
	"display": {
		"head": {
			"scale":  [ 1.5, 1.5, 1.5 ]
		}
	}
}