{
	"__comment": "Designed by Memory520 with Cubik Studio - https://cubik.studio",
	"textures": {
		"voxels_palette": "./jiuguan2",
		"tjp1": "./tjp1"
	},
	"elements": [ 	 
		{
			"__comment": "Voxels-D77C00",
			"from": [ 2, 7.5, 2 ],
			"to": [ 2.5, 8, 2.5 ],
			"faces": {
				"down": { "uv": [ 2.48, 2.48, 3.52, 3.52 ], "texture": "#voxels_palette" },
				"up": { "uv": [ 2.48, 2.48, 3.52, 3.52 ], "texture": "#voxels_palette" },
				"north": { "uv": [ 2.48, 2.48, 3.52, 3.52 ], "texture": "#voxels_palette" },
				"south": { "uv": [ 2.48, 2.48, 3.52, 3.52 ], "texture": "#voxels_palette" },
				"west": { "uv": [ 2.48, 2.48, 3.52, 3.52 ], "texture": "#voxels_palette" },
				"east": { "uv": [ 2.48, 2.48, 3.52, 3.52 ], "texture": "#voxels_palette" }
			}
		},
		{
			"__comment": "Voxels-402400",
			"from": [ 2, 7.5, 2.5 ],
			"to": [ 3, 8, 3 ],
			"faces": {
				"down": { "uv": [ 12.48, 2.48, 13.52, 3.52 ], "texture": "#voxels_palette" },
				"up": { "uv": [ 12.48, 2.48, 13.52, 3.52 ], "texture": "#voxels_palette" },
				"north": { "uv": [ 12.48, 2.48, 13.52, 3.52 ], "texture": "#voxels_palette" },
				"south": { "uv": [ 12.48, 2.48, 13.52, 3.52 ], "texture": "#voxels_palette" },
				"west": { "uv": [ 12.48, 2.48, 13.52, 3.52 ], "texture": "#voxels_palette" },
				"east": { "uv": [ 12.48, 2.48, 13.52, 3.52 ], "texture": "#voxels_palette" }
			}
		},
		{
			"__comment": "Voxels-392900",
			"from": [ 2, 7.5, 3 ],
			"to": [ 2.5, 8, 3.5 ],
			"faces": {
				"down": { "uv": [ 8.48, 0.4799995, 9.52, 1.52 ], "texture": "#voxels_palette" },
				"up": { "uv": [ 8.48, 0.4799995, 9.52, 1.52 ], "texture": "#voxels_palette" },
				"north": { "uv": [ 8.48, 0.4799995, 9.52, 1.52 ], "texture": "#voxels_palette" },
				"south": { "uv": [ 8.48, 0.4799995, 9.52, 1.52 ], "texture": "#voxels_palette" },
				"west": { "uv": [ 8.48, 0.4799995, 9.52, 1.52 ], "texture": "#voxels_palette" },
				"east": { "uv": [ 8.48, 0.4799995, 9.52, 1.52 ], "texture": "#voxels_palette" }
			}
		},
		{
			"__comment": "Voxels-D77C00",
			"from": [ 2, 9, 2 ],
			"to": [ 2.5, 9.5, 2.5 ],
			"faces": {
				"down": { "uv": [ 2.48, 2.48, 3.52, 3.52 ], "texture": "#voxels_palette" },
				"up": { "uv": [ 2.48, 2.48, 3.52, 3.52 ], "texture": "#voxels_palette" },
				"north": { "uv": [ 2.48, 2.48, 3.52, 3.52 ], "texture": "#voxels_palette" },
				"south": { "uv": [ 2.48, 2.48, 3.52, 3.52 ], "texture": "#voxels_palette" },
				"west": { "uv": [ 2.48, 2.48, 3.52, 3.52 ], "texture": "#voxels_palette" },
				"east": { "uv": [ 2.48, 2.48, 3.52, 3.52 ], "texture": "#voxels_palette" }
			}
		},
		{
			"__comment": "Voxels-402400",
			"from": [ 2, 9, 2.5 ],
			"to": [ 3, 9.5, 3 ],
			"faces": {
				"down": { "uv": [ 12.48, 2.48, 13.52, 3.52 ], "texture": "#voxels_palette" },
				"up": { "uv": [ 12.48, 2.48, 13.52, 3.52 ], "texture": "#voxels_palette" },
				"north": { "uv": [ 12.48, 2.48, 13.52, 3.52 ], "texture": "#voxels_palette" },
				"south": { "uv": [ 12.48, 2.48, 13.52, 3.52 ], "texture": "#voxels_palette" },
				"west": { "uv": [ 12.48, 2.48, 13.52, 3.52 ], "texture": "#voxels_palette" },
				"east": { "uv": [ 12.48, 2.48, 13.52, 3.52 ], "texture": "#voxels_palette" }
			}
		},
		{
			"__comment": "Voxels-392900",
			"from": [ 2, 9, 3 ],
			"to": [ 2.5, 9.5, 3.5 ],
			"faces": {
				"down": { "uv": [ 8.48, 0.4799995, 9.52, 1.52 ], "texture": "#voxels_palette" },
				"up": { "uv": [ 8.48, 0.4799995, 9.52, 1.52 ], "texture": "#voxels_palette" },
				"north": { "uv": [ 8.48, 0.4799995, 9.52, 1.52 ], "texture": "#voxels_palette" },
				"south": { "uv": [ 8.48, 0.4799995, 9.52, 1.52 ], "texture": "#voxels_palette" },
				"west": { "uv": [ 8.48, 0.4799995, 9.52, 1.52 ], "texture": "#voxels_palette" },
				"east": { "uv": [ 8.48, 0.4799995, 9.52, 1.52 ], "texture": "#voxels_palette" }
			}
		},
		{
			"__comment": "Voxels-AB5D00",
			"from": [ 2.5, 7.5, 1.5 ],
			"to": [ 3, 8, 2 ],
			"faces": {
				"down": { "uv": [ 4.48, 2.48, 5.52, 3.52 ], "texture": "#voxels_palette" },
				"up": { "uv": [ 4.48, 2.48, 5.52, 3.52 ], "texture": "#voxels_palette" },
				"north": { "uv": [ 4.48, 2.48, 5.52, 3.52 ], "texture": "#voxels_palette" },
				"south": { "uv": [ 4.48, 2.48, 5.52, 3.52 ], "texture": "#voxels_palette" },
				"west": { "uv": [ 4.48, 2.48, 5.52, 3.52 ], "texture": "#voxels_palette" },
				"east": { "uv": [ 4.48, 2.48, 5.52, 3.52 ], "texture": "#voxels_palette" }
			}
		},
		{
			"__comment": "Voxels-FFDD21",
			"from": [ 2.5, 7.5, 2 ],
			"to": [ 3, 8, 2.5 ],
			"faces": {
				"down": { "uv": [ 8.48, 2.48, 9.52, 3.52 ], "texture": "#voxels_palette" },
				"up": { "uv": [ 8.48, 2.48, 9.52, 3.52 ], "texture": "#voxels_palette" },
				"north": { "uv": [ 8.48, 2.48, 9.52, 3.52 ], "texture": "#voxels_palette" },
				"south": { "uv": [ 8.48, 2.48, 9.52, 3.52 ], "texture": "#voxels_palette" },
				"west": { "uv": [ 8.48, 2.48, 9.52, 3.52 ], "texture": "#voxels_palette" },
				"east": { "uv": [ 8.48, 2.48, 9.52, 3.52 ], "texture": "#voxels_palette" }
			}
		},
		{
			"__comment": "Voxels-3A2400",
			"from": [ 2.5, 7.5, 3 ],
			"to": [ 3, 8, 3.5 ],
			"faces": {
				"down": { "uv": [ 10.48, 0.4799995, 11.52, 1.52 ], "texture": "#voxels_palette" },
				"up": { "uv": [ 10.48, 0.4799995, 11.52, 1.52 ], "texture": "#voxels_palette" },
				"north": { "uv": [ 10.48, 0.4799995, 11.52, 1.52 ], "texture": "#voxels_palette" },
				"south": { "uv": [ 10.48, 0.4799995, 11.52, 1.52 ], "texture": "#voxels_palette" },
				"west": { "uv": [ 10.48, 0.4799995, 11.52, 1.52 ], "texture": "#voxels_palette" },
				"east": { "uv": [ 10.48, 0.4799995, 11.52, 1.52 ], "texture": "#voxels_palette" }
			}
		},
		{
			"__comment": "Voxels-4D2D00",
			"from": [ 2.5, 7.5, 3.5 ],
			"to": [ 3, 8, 4 ],
			"faces": {
				"down": { "uv": [ 0.48, 4.48, 1.52, 5.52 ], "texture": "#voxels_palette" },
				"up": { "uv": [ 0.48, 4.48, 1.52, 5.52 ], "texture": "#voxels_palette" },
				"north": { "uv": [ 0.48, 4.48, 1.52, 5.52 ], "texture": "#voxels_palette" },
				"south": { "uv": [ 0.48, 4.48, 1.52, 5.52 ], "texture": "#voxels_palette" },
				"west": { "uv": [ 0.48, 4.48, 1.52, 5.52 ], "texture": "#voxels_palette" },
				"east": { "uv": [ 0.48, 4.48, 1.52, 5.52 ], "texture": "#voxels_palette" }
			}
		},
		{
			"__comment": "Voxels-AB5D00",
			"from": [ 2.5, 9, 1.5 ],
			"to": [ 3, 9.5, 2 ],
			"faces": {
				"down": { "uv": [ 4.48, 2.48, 5.52, 3.52 ], "texture": "#voxels_palette" },
				"up": { "uv": [ 4.48, 2.48, 5.52, 3.52 ], "texture": "#voxels_palette" },
				"north": { "uv": [ 4.48, 2.48, 5.52, 3.52 ], "texture": "#voxels_palette" },
				"south": { "uv": [ 4.48, 2.48, 5.52, 3.52 ], "texture": "#voxels_palette" },
				"west": { "uv": [ 4.48, 2.48, 5.52, 3.52 ], "texture": "#voxels_palette" },
				"east": { "uv": [ 4.48, 2.48, 5.52, 3.52 ], "texture": "#voxels_palette" }
			}
		},
		{
			"__comment": "Voxels-FFDD21",
			"from": [ 2.5, 9, 2 ],
			"to": [ 3, 9.5, 2.5 ],
			"faces": {
				"down": { "uv": [ 8.48, 2.48, 9.52, 3.52 ], "texture": "#voxels_palette" },
				"up": { "uv": [ 8.48, 2.48, 9.52, 3.52 ], "texture": "#voxels_palette" },
				"north": { "uv": [ 8.48, 2.48, 9.52, 3.52 ], "texture": "#voxels_palette" },
				"south": { "uv": [ 8.48, 2.48, 9.52, 3.52 ], "texture": "#voxels_palette" },
				"west": { "uv": [ 8.48, 2.48, 9.52, 3.52 ], "texture": "#voxels_palette" },
				"east": { "uv": [ 8.48, 2.48, 9.52, 3.52 ], "texture": "#voxels_palette" }
			}
		},
		{
			"__comment": "Voxels-3A2400",
			"from": [ 2.5, 9, 3 ],
			"to": [ 3, 9.5, 3.5 ],
			"faces": {
				"down": { "uv": [ 10.48, 0.4799995, 11.52, 1.52 ], "texture": "#voxels_palette" },
				"up": { "uv": [ 10.48, 0.4799995, 11.52, 1.52 ], "texture": "#voxels_palette" },
				"north": { "uv": [ 10.48, 0.4799995, 11.52, 1.52 ], "texture": "#voxels_palette" },
				"south": { "uv": [ 10.48, 0.4799995, 11.52, 1.52 ], "texture": "#voxels_palette" },
				"west": { "uv": [ 10.48, 0.4799995, 11.52, 1.52 ], "texture": "#voxels_palette" },
				"east": { "uv": [ 10.48, 0.4799995, 11.52, 1.52 ], "texture": "#voxels_palette" }
			}
		},
		{
			"__comment": "Voxels-4D2D00",
			"from": [ 2.5, 9, 3.5 ],
			"to": [ 3, 9.5, 4 ],
			"faces": {
				"down": { "uv": [ 0.48, 4.48, 1.52, 5.52 ], "texture": "#voxels_palette" },
				"up": { "uv": [ 0.48, 4.48, 1.52, 5.52 ], "texture": "#voxels_palette" },
				"north": { "uv": [ 0.48, 4.48, 1.52, 5.52 ], "texture": "#voxels_palette" },
				"south": { "uv": [ 0.48, 4.48, 1.52, 5.52 ], "texture": "#voxels_palette" },
				"west": { "uv": [ 0.48, 4.48, 1.52, 5.52 ], "texture": "#voxels_palette" },
				"east": { "uv": [ 0.48, 4.48, 1.52, 5.52 ], "texture": "#voxels_palette" }
			}
		},
		{
			"__comment": "Voxels-B96500",
			"from": [ 3, 7.5, 1.5 ],
			"to": [ 3.5, 8, 2 ],
			"faces": {
				"down": { "uv": [ 2.48, 4.48, 3.52, 5.52 ], "texture": "#voxels_palette" },
				"up": { "uv": [ 2.48, 4.48, 3.52, 5.52 ], "texture": "#voxels_palette" },
				"north": { "uv": [ 2.48, 4.48, 3.52, 5.52 ], "texture": "#voxels_palette" },
				"south": { "uv": [ 2.48, 4.48, 3.52, 5.52 ], "texture": "#voxels_palette" },
				"west": { "uv": [ 2.48, 4.48, 3.52, 5.52 ], "texture": "#voxels_palette" },
				"east": { "uv": [ 2.48, 4.48, 3.52, 5.52 ], "texture": "#voxels_palette" }
			}
		},
		{
			"__comment": "Voxels-FFFFFF",
			"from": [ 3, 7.5, 2 ],
			"to": [ 3.5, 8, 2.5 ],
			"faces": {
				"down": { "uv": [ 0.48, 2.48, 1.52, 3.52 ], "texture": "#voxels_palette" },
				"up": { "uv": [ 0.48, 2.48, 1.52, 3.52 ], "texture": "#voxels_palette" },
				"north": { "uv": [ 0.48, 2.48, 1.52, 3.52 ], "texture": "#voxels_palette" },
				"south": { "uv": [ 0.48, 2.48, 1.52, 3.52 ], "texture": "#voxels_palette" },
				"west": { "uv": [ 0.48, 2.48, 1.52, 3.52 ], "texture": "#voxels_palette" },
				"east": { "uv": [ 0.48, 2.48, 1.52, 3.52 ], "texture": "#voxels_palette" }
			}
		},
		{
			"__comment": "Voxels-3D2100",
			"from": [ 3, 7.5, 2.5 ],
			"to": [ 3.5, 8, 3 ],
			"faces": {
				"down": { "uv": [ 10.48, 2.48, 11.52, 3.52 ], "texture": "#voxels_palette" },
				"up": { "uv": [ 10.48, 2.48, 11.52, 3.52 ], "texture": "#voxels_palette" },
				"north": { "uv": [ 10.48, 2.48, 11.52, 3.52 ], "texture": "#voxels_palette" },
				"south": { "uv": [ 10.48, 2.48, 11.52, 3.52 ], "texture": "#voxels_palette" },
				"west": { "uv": [ 10.48, 2.48, 11.52, 3.52 ], "texture": "#voxels_palette" },
				"east": { "uv": [ 10.48, 2.48, 11.52, 3.52 ], "texture": "#voxels_palette" }
			}
		},
		{
			"__comment": "Voxels-392900",
			"from": [ 3, 7.5, 3 ],
			"to": [ 3.5, 8, 3.5 ],
			"faces": {
				"down": { "uv": [ 8.48, 0.4799995, 9.52, 1.52 ], "texture": "#voxels_palette" },
				"up": { "uv": [ 8.48, 0.4799995, 9.52, 1.52 ], "texture": "#voxels_palette" },
				"north": { "uv": [ 8.48, 0.4799995, 9.52, 1.52 ], "texture": "#voxels_palette" },
				"south": { "uv": [ 8.48, 0.4799995, 9.52, 1.52 ], "texture": "#voxels_palette" },
				"west": { "uv": [ 8.48, 0.4799995, 9.52, 1.52 ], "texture": "#voxels_palette" },
				"east": { "uv": [ 8.48, 0.4799995, 9.52, 1.52 ], "texture": "#voxels_palette" }
			}
		},
		{
			"__comment": "Voxels-522E00",
			"from": [ 3, 7.5, 3.5 ],
			"to": [ 3.5, 8, 4 ],
			"faces": {
				"down": { "uv": [ 14.48, 2.48, 15.52, 3.52 ], "texture": "#voxels_palette" },
				"up": { "uv": [ 14.48, 2.48, 15.52, 3.52 ], "texture": "#voxels_palette" },
				"north": { "uv": [ 14.48, 2.48, 15.52, 3.52 ], "texture": "#voxels_palette" },
				"south": { "uv": [ 14.48, 2.48, 15.52, 3.52 ], "texture": "#voxels_palette" },
				"west": { "uv": [ 14.48, 2.48, 15.52, 3.52 ], "texture": "#voxels_palette" },
				"east": { "uv": [ 14.48, 2.48, 15.52, 3.52 ], "texture": "#voxels_palette" }
			}
		},
		{
			"__comment": "Voxels-D77C00",
			"from": [ 3, 9, 1.5 ],
			"to": [ 3.5, 9.5, 2 ],
			"faces": {
				"down": { "uv": [ 2.48, 2.48, 3.52, 3.52 ], "texture": "#voxels_palette" },
				"up": { "uv": [ 2.48, 2.48, 3.52, 3.52 ], "texture": "#voxels_palette" },
				"north": { "uv": [ 2.48, 2.48, 3.52, 3.52 ], "texture": "#voxels_palette" },
				"south": { "uv": [ 2.48, 2.48, 3.52, 3.52 ], "texture": "#voxels_palette" },
				"west": { "uv": [ 2.48, 2.48, 3.52, 3.52 ], "texture": "#voxels_palette" },
				"east": { "uv": [ 2.48, 2.48, 3.52, 3.52 ], "texture": "#voxels_palette" }
			}
		},
		{
			"__comment": "Voxels-FFFFFF",
			"from": [ 3, 9, 2 ],
			"to": [ 3.5, 9.5, 2.5 ],
			"faces": {
				"down": { "uv": [ 0.48, 2.48, 1.52, 3.52 ], "texture": "#voxels_palette" },
				"up": { "uv": [ 0.48, 2.48, 1.52, 3.52 ], "texture": "#voxels_palette" },
				"north": { "uv": [ 0.48, 2.48, 1.52, 3.52 ], "texture": "#voxels_palette" },
				"south": { "uv": [ 0.48, 2.48, 1.52, 3.52 ], "texture": "#voxels_palette" },
				"west": { "uv": [ 0.48, 2.48, 1.52, 3.52 ], "texture": "#voxels_palette" },
				"east": { "uv": [ 0.48, 2.48, 1.52, 3.52 ], "texture": "#voxels_palette" }
			}
		},
		{
			"__comment": "Voxels-3D2100",
			"from": [ 3, 9, 2.5 ],
			"to": [ 3.5, 9.5, 3 ],
			"faces": {
				"down": { "uv": [ 10.48, 2.48, 11.52, 3.52 ], "texture": "#voxels_palette" },
				"up": { "uv": [ 10.48, 2.48, 11.52, 3.52 ], "texture": "#voxels_palette" },
				"north": { "uv": [ 10.48, 2.48, 11.52, 3.52 ], "texture": "#voxels_palette" },
				"south": { "uv": [ 10.48, 2.48, 11.52, 3.52 ], "texture": "#voxels_palette" },
				"west": { "uv": [ 10.48, 2.48, 11.52, 3.52 ], "texture": "#voxels_palette" },
				"east": { "uv": [ 10.48, 2.48, 11.52, 3.52 ], "texture": "#voxels_palette" }
			}
		},
		{
			"__comment": "Voxels-392900",
			"from": [ 3, 9, 3 ],
			"to": [ 3.5, 9.5, 3.5 ],
			"faces": {
				"down": { "uv": [ 8.48, 0.4799995, 9.52, 1.52 ], "texture": "#voxels_palette" },
				"up": { "uv": [ 8.48, 0.4799995, 9.52, 1.52 ], "texture": "#voxels_palette" },
				"north": { "uv": [ 8.48, 0.4799995, 9.52, 1.52 ], "texture": "#voxels_palette" },
				"south": { "uv": [ 8.48, 0.4799995, 9.52, 1.52 ], "texture": "#voxels_palette" },
				"west": { "uv": [ 8.48, 0.4799995, 9.52, 1.52 ], "texture": "#voxels_palette" },
				"east": { "uv": [ 8.48, 0.4799995, 9.52, 1.52 ], "texture": "#voxels_palette" }
			}
		},
		{
			"__comment": "Voxels-522E00",
			"from": [ 3, 9, 3.5 ],
			"to": [ 3.5, 9.5, 4 ],
			"faces": {
				"down": { "uv": [ 14.48, 2.48, 15.52, 3.52 ], "texture": "#voxels_palette" },
				"up": { "uv": [ 14.48, 2.48, 15.52, 3.52 ], "texture": "#voxels_palette" },
				"north": { "uv": [ 14.48, 2.48, 15.52, 3.52 ], "texture": "#voxels_palette" },
				"south": { "uv": [ 14.48, 2.48, 15.52, 3.52 ], "texture": "#voxels_palette" },
				"west": { "uv": [ 14.48, 2.48, 15.52, 3.52 ], "texture": "#voxels_palette" },
				"east": { "uv": [ 14.48, 2.48, 15.52, 3.52 ], "texture": "#voxels_palette" }
			}
		},
		{
			"__comment": "Voxels-3B2100",
			"from": [ 3.5, 7.5, 2 ],
			"to": [ 4, 8, 2.5 ],
			"faces": {
				"down": { "uv": [ 4.48, 4.48, 5.52, 5.52 ], "texture": "#voxels_palette" },
				"up": { "uv": [ 4.48, 4.48, 5.52, 5.52 ], "texture": "#voxels_palette" },
				"north": { "uv": [ 4.48, 4.48, 5.52, 5.52 ], "texture": "#voxels_palette" },
				"south": { "uv": [ 4.48, 4.48, 5.52, 5.52 ], "texture": "#voxels_palette" },
				"west": { "uv": [ 4.48, 4.48, 5.52, 5.52 ], "texture": "#voxels_palette" },
				"east": { "uv": [ 4.48, 4.48, 5.52, 5.52 ], "texture": "#voxels_palette" }
			}
		},
		{
			"__comment": "Voxels-3C2400",
			"from": [ 3.5, 7.5, 2.5 ],
			"to": [ 4, 8, 3 ],
			"faces": {
				"down": { "uv": [ 12.48, 0.4799995, 13.52, 1.52 ], "texture": "#voxels_palette" },
				"up": { "uv": [ 12.48, 0.4799995, 13.52, 1.52 ], "texture": "#voxels_palette" },
				"north": { "uv": [ 12.48, 0.4799995, 13.52, 1.52 ], "texture": "#voxels_palette" },
				"south": { "uv": [ 12.48, 0.4799995, 13.52, 1.52 ], "texture": "#voxels_palette" },
				"west": { "uv": [ 12.48, 0.4799995, 13.52, 1.52 ], "texture": "#voxels_palette" },
				"east": { "uv": [ 12.48, 0.4799995, 13.52, 1.52 ], "texture": "#voxels_palette" }
			}
		},
		{
			"__comment": "Voxels-343400",
			"from": [ 3.5, 7.5, 3 ],
			"to": [ 4, 8, 3.5 ],
			"faces": {
				"down": { "uv": [ 6.48, 0.4799995, 7.52, 1.52 ], "texture": "#voxels_palette" },
				"up": { "uv": [ 6.48, 0.4799995, 7.52, 1.52 ], "texture": "#voxels_palette" },
				"north": { "uv": [ 6.48, 0.4799995, 7.52, 1.52 ], "texture": "#voxels_palette" },
				"south": { "uv": [ 6.48, 0.4799995, 7.52, 1.52 ], "texture": "#voxels_palette" },
				"west": { "uv": [ 6.48, 0.4799995, 7.52, 1.52 ], "texture": "#voxels_palette" },
				"east": { "uv": [ 6.48, 0.4799995, 7.52, 1.52 ], "texture": "#voxels_palette" }
			}
		},
		{
			"__comment": "Voxels-492C00",
			"from": [ 3.5, 9, 2 ],
			"to": [ 4, 9.5, 2.5 ],
			"faces": {
				"down": { "uv": [ 14.48, 0.4799995, 15.52, 1.52 ], "texture": "#voxels_palette" },
				"up": { "uv": [ 14.48, 0.4799995, 15.52, 1.52 ], "texture": "#voxels_palette" },
				"north": { "uv": [ 14.48, 0.4799995, 15.52, 1.52 ], "texture": "#voxels_palette" },
				"south": { "uv": [ 14.48, 0.4799995, 15.52, 1.52 ], "texture": "#voxels_palette" },
				"west": { "uv": [ 14.48, 0.4799995, 15.52, 1.52 ], "texture": "#voxels_palette" },
				"east": { "uv": [ 14.48, 0.4799995, 15.52, 1.52 ], "texture": "#voxels_palette" }
			}
		},
		{
			"__comment": "Voxels-3C2400",
			"from": [ 3.5, 9, 2.5 ],
			"to": [ 4, 9.5, 3 ],
			"faces": {
				"down": { "uv": [ 12.48, 0.4799995, 13.52, 1.52 ], "texture": "#voxels_palette" },
				"up": { "uv": [ 12.48, 0.4799995, 13.52, 1.52 ], "texture": "#voxels_palette" },
				"north": { "uv": [ 12.48, 0.4799995, 13.52, 1.52 ], "texture": "#voxels_palette" },
				"south": { "uv": [ 12.48, 0.4799995, 13.52, 1.52 ], "texture": "#voxels_palette" },
				"west": { "uv": [ 12.48, 0.4799995, 13.52, 1.52 ], "texture": "#voxels_palette" },
				"east": { "uv": [ 12.48, 0.4799995, 13.52, 1.52 ], "texture": "#voxels_palette" }
			}
		},
		{
			"__comment": "Voxels-343400",
			"from": [ 3.5, 9, 3 ],
			"to": [ 4, 9.5, 3.5 ],
			"faces": {
				"down": { "uv": [ 6.48, 0.4799995, 7.52, 1.52 ], "texture": "#voxels_palette" },
				"up": { "uv": [ 6.48, 0.4799995, 7.52, 1.52 ], "texture": "#voxels_palette" },
				"north": { "uv": [ 6.48, 0.4799995, 7.52, 1.52 ], "texture": "#voxels_palette" },
				"south": { "uv": [ 6.48, 0.4799995, 7.52, 1.52 ], "texture": "#voxels_palette" },
				"west": { "uv": [ 6.48, 0.4799995, 7.52, 1.52 ], "texture": "#voxels_palette" },
				"east": { "uv": [ 6.48, 0.4799995, 7.52, 1.52 ], "texture": "#voxels_palette" }
			}
		},
		{
			"__comment": "Voxels-C16A00",
			"from": [ 12, 7.5, 2 ],
			"to": [ 12.5, 8, 2.5 ],
			"faces": {
				"down": { "uv": [ 10.48, 6.48, 11.52, 7.52 ], "texture": "#voxels_palette" },
				"up": { "uv": [ 10.48, 6.48, 11.52, 7.52 ], "texture": "#voxels_palette" },
				"north": { "uv": [ 10.48, 6.48, 11.52, 7.52 ], "texture": "#voxels_palette" },
				"south": { "uv": [ 10.48, 6.48, 11.52, 7.52 ], "texture": "#voxels_palette" },
				"west": { "uv": [ 10.48, 6.48, 11.52, 7.52 ], "texture": "#voxels_palette" },
				"east": { "uv": [ 10.48, 6.48, 11.52, 7.52 ], "texture": "#voxels_palette" }
			}
		},
		{
			"__comment": "Voxels-432B00",
			"from": [ 12, 7.5, 2.5 ],
			"to": [ 12.5, 8, 3 ],
			"faces": {
				"down": { "uv": [ 6.48, 6.48, 7.52, 7.52 ], "texture": "#voxels_palette" },
				"up": { "uv": [ 6.48, 6.48, 7.52, 7.52 ], "texture": "#voxels_palette" },
				"north": { "uv": [ 6.48, 6.48, 7.52, 7.52 ], "texture": "#voxels_palette" },
				"south": { "uv": [ 6.48, 6.48, 7.52, 7.52 ], "texture": "#voxels_palette" },
				"west": { "uv": [ 6.48, 6.48, 7.52, 7.52 ], "texture": "#voxels_palette" },
				"east": { "uv": [ 6.48, 6.48, 7.52, 7.52 ], "texture": "#voxels_palette" }
			}
		},
		{
			"__comment": "Voxels-392900",
			"from": [ 12, 7.5, 3 ],
			"to": [ 14, 8, 3.5 ],
			"faces": {
				"down": { "uv": [ 8.48, 0.4799995, 9.52, 1.52 ], "texture": "#voxels_palette" },
				"up": { "uv": [ 8.48, 0.4799995, 9.52, 1.52 ], "texture": "#voxels_palette" },
				"north": { "uv": [ 8.48, 0.4799995, 9.52, 1.52 ], "texture": "#voxels_palette" },
				"south": { "uv": [ 8.48, 0.4799995, 9.52, 1.52 ], "texture": "#voxels_palette" },
				"west": { "uv": [ 8.48, 0.4799995, 9.52, 1.52 ], "texture": "#voxels_palette" },
				"east": { "uv": [ 8.48, 0.4799995, 9.52, 1.52 ], "texture": "#voxels_palette" }
			}
		},
		{
			"__comment": "Voxels-C06900",
			"from": [ 12, 9, 2 ],
			"to": [ 12.5, 9.5, 2.5 ],
			"faces": {
				"down": { "uv": [ 8.48, 4.48, 9.52, 5.52 ], "texture": "#voxels_palette" },
				"up": { "uv": [ 8.48, 4.48, 9.52, 5.52 ], "texture": "#voxels_palette" },
				"north": { "uv": [ 8.48, 4.48, 9.52, 5.52 ], "texture": "#voxels_palette" },
				"south": { "uv": [ 8.48, 4.48, 9.52, 5.52 ], "texture": "#voxels_palette" },
				"west": { "uv": [ 8.48, 4.48, 9.52, 5.52 ], "texture": "#voxels_palette" },
				"east": { "uv": [ 8.48, 4.48, 9.52, 5.52 ], "texture": "#voxels_palette" }
			}
		},
		{
			"__comment": "Voxels-432B00",
			"from": [ 12, 9, 2.5 ],
			"to": [ 12.5, 9.5, 3 ],
			"faces": {
				"down": { "uv": [ 6.48, 6.48, 7.52, 7.52 ], "texture": "#voxels_palette" },
				"up": { "uv": [ 6.48, 6.48, 7.52, 7.52 ], "texture": "#voxels_palette" },
				"north": { "uv": [ 6.48, 6.48, 7.52, 7.52 ], "texture": "#voxels_palette" },
				"south": { "uv": [ 6.48, 6.48, 7.52, 7.52 ], "texture": "#voxels_palette" },
				"west": { "uv": [ 6.48, 6.48, 7.52, 7.52 ], "texture": "#voxels_palette" },
				"east": { "uv": [ 6.48, 6.48, 7.52, 7.52 ], "texture": "#voxels_palette" }
			}
		},
		{
			"__comment": "Voxels-392900",
			"from": [ 12, 9, 3 ],
			"to": [ 13.5, 9.5, 3.5 ],
			"faces": {
				"down": { "uv": [ 8.48, 0.4799995, 9.52, 1.52 ], "texture": "#voxels_palette" },
				"up": { "uv": [ 8.48, 0.4799995, 9.52, 1.52 ], "texture": "#voxels_palette" },
				"north": { "uv": [ 8.48, 0.4799995, 9.52, 1.52 ], "texture": "#voxels_palette" },
				"south": { "uv": [ 8.48, 0.4799995, 9.52, 1.52 ], "texture": "#voxels_palette" },
				"west": { "uv": [ 8.48, 0.4799995, 9.52, 1.52 ], "texture": "#voxels_palette" },
				"east": { "uv": [ 8.48, 0.4799995, 9.52, 1.52 ], "texture": "#voxels_palette" }
			}
		},
		{
			"__comment": "Voxels-C16A00",
			"from": [ 12.5, 7.5, 1.5 ],
			"to": [ 13.5, 8, 2 ],
			"faces": {
				"down": { "uv": [ 10.48, 6.48, 11.52, 7.52 ], "texture": "#voxels_palette" },
				"up": { "uv": [ 10.48, 6.48, 11.52, 7.52 ], "texture": "#voxels_palette" },
				"north": { "uv": [ 10.48, 6.48, 11.52, 7.52 ], "texture": "#voxels_palette" },
				"south": { "uv": [ 10.48, 6.48, 11.52, 7.52 ], "texture": "#voxels_palette" },
				"west": { "uv": [ 10.48, 6.48, 11.52, 7.52 ], "texture": "#voxels_palette" },
				"east": { "uv": [ 10.48, 6.48, 11.52, 7.52 ], "texture": "#voxels_palette" }
			}
		},
		{
			"__comment": "Voxels-FFFDF3",
			"from": [ 12.5, 7.5, 2 ],
			"to": [ 13, 8, 2.5 ],
			"faces": {
				"down": { "uv": [ 4.48, 6.48, 5.52, 7.52 ], "texture": "#voxels_palette" },
				"up": { "uv": [ 4.48, 6.48, 5.52, 7.52 ], "texture": "#voxels_palette" },
				"north": { "uv": [ 4.48, 6.48, 5.52, 7.52 ], "texture": "#voxels_palette" },
				"south": { "uv": [ 4.48, 6.48, 5.52, 7.52 ], "texture": "#voxels_palette" },
				"west": { "uv": [ 4.48, 6.48, 5.52, 7.52 ], "texture": "#voxels_palette" },
				"east": { "uv": [ 4.48, 6.48, 5.52, 7.52 ], "texture": "#voxels_palette" }
			}
		},
		{
			"__comment": "Voxels-523000",
			"from": [ 12.5, 7.5, 2.5 ],
			"to": [ 13, 8, 3 ],
			"faces": {
				"down": { "uv": [ 14.48, 4.48, 15.52, 5.52 ], "texture": "#voxels_palette" },
				"up": { "uv": [ 14.48, 4.48, 15.52, 5.52 ], "texture": "#voxels_palette" },
				"north": { "uv": [ 14.48, 4.48, 15.52, 5.52 ], "texture": "#voxels_palette" },
				"south": { "uv": [ 14.48, 4.48, 15.52, 5.52 ], "texture": "#voxels_palette" },
				"west": { "uv": [ 14.48, 4.48, 15.52, 5.52 ], "texture": "#voxels_palette" },
				"east": { "uv": [ 14.48, 4.48, 15.52, 5.52 ], "texture": "#voxels_palette" }
			}
		},
		{
			"__comment": "Voxels-533200",
			"from": [ 12.5, 7.5, 3.5 ],
			"to": [ 13, 8, 4 ],
			"faces": {
				"down": { "uv": [ 8.48, 6.48, 9.52, 7.52 ], "texture": "#voxels_palette" },
				"up": { "uv": [ 8.48, 6.48, 9.52, 7.52 ], "texture": "#voxels_palette" },
				"north": { "uv": [ 8.48, 6.48, 9.52, 7.52 ], "texture": "#voxels_palette" },
				"south": { "uv": [ 8.48, 6.48, 9.52, 7.52 ], "texture": "#voxels_palette" },
				"west": { "uv": [ 8.48, 6.48, 9.52, 7.52 ], "texture": "#voxels_palette" },
				"east": { "uv": [ 8.48, 6.48, 9.52, 7.52 ], "texture": "#voxels_palette" }
			}
		},
		{
			"__comment": "Voxels-C06900",
			"from": [ 12.5, 9, 1.5 ],
			"to": [ 13.5, 9.5, 2 ],
			"faces": {
				"down": { "uv": [ 8.48, 4.48, 9.52, 5.52 ], "texture": "#voxels_palette" },
				"up": { "uv": [ 8.48, 4.48, 9.52, 5.52 ], "texture": "#voxels_palette" },
				"north": { "uv": [ 8.48, 4.48, 9.52, 5.52 ], "texture": "#voxels_palette" },
				"south": { "uv": [ 8.48, 4.48, 9.52, 5.52 ], "texture": "#voxels_palette" },
				"west": { "uv": [ 8.48, 4.48, 9.52, 5.52 ], "texture": "#voxels_palette" },
				"east": { "uv": [ 8.48, 4.48, 9.52, 5.52 ], "texture": "#voxels_palette" }
			}
		},
		{
			"__comment": "Voxels-FFFDF3",
			"from": [ 12.5, 9, 2 ],
			"to": [ 13, 9.5, 2.5 ],
			"faces": {
				"down": { "uv": [ 4.48, 6.48, 5.52, 7.52 ], "texture": "#voxels_palette" },
				"up": { "uv": [ 4.48, 6.48, 5.52, 7.52 ], "texture": "#voxels_palette" },
				"north": { "uv": [ 4.48, 6.48, 5.52, 7.52 ], "texture": "#voxels_palette" },
				"south": { "uv": [ 4.48, 6.48, 5.52, 7.52 ], "texture": "#voxels_palette" },
				"west": { "uv": [ 4.48, 6.48, 5.52, 7.52 ], "texture": "#voxels_palette" },
				"east": { "uv": [ 4.48, 6.48, 5.52, 7.52 ], "texture": "#voxels_palette" }
			}
		},
		{
			"__comment": "Voxels-523000",
			"from": [ 12.5, 9, 2.5 ],
			"to": [ 13, 9.5, 3 ],
			"faces": {
				"down": { "uv": [ 14.48, 4.48, 15.52, 5.52 ], "texture": "#voxels_palette" },
				"up": { "uv": [ 14.48, 4.48, 15.52, 5.52 ], "texture": "#voxels_palette" },
				"north": { "uv": [ 14.48, 4.48, 15.52, 5.52 ], "texture": "#voxels_palette" },
				"south": { "uv": [ 14.48, 4.48, 15.52, 5.52 ], "texture": "#voxels_palette" },
				"west": { "uv": [ 14.48, 4.48, 15.52, 5.52 ], "texture": "#voxels_palette" },
				"east": { "uv": [ 14.48, 4.48, 15.52, 5.52 ], "texture": "#voxels_palette" }
			}
		},
		{
			"__comment": "Voxels-533200",
			"from": [ 12.5, 9, 3.5 ],
			"to": [ 13, 9.5, 4 ],
			"faces": {
				"down": { "uv": [ 8.48, 6.48, 9.52, 7.52 ], "texture": "#voxels_palette" },
				"up": { "uv": [ 8.48, 6.48, 9.52, 7.52 ], "texture": "#voxels_palette" },
				"north": { "uv": [ 8.48, 6.48, 9.52, 7.52 ], "texture": "#voxels_palette" },
				"south": { "uv": [ 8.48, 6.48, 9.52, 7.52 ], "texture": "#voxels_palette" },
				"west": { "uv": [ 8.48, 6.48, 9.52, 7.52 ], "texture": "#voxels_palette" },
				"east": { "uv": [ 8.48, 6.48, 9.52, 7.52 ], "texture": "#voxels_palette" }
			}
		},
		{
			"__comment": "Voxels-FFEE54",
			"from": [ 13, 7.5, 2 ],
			"to": [ 13.5, 8, 2.5 ],
			"faces": {
				"down": { "uv": [ 2.48, 6.48, 3.52, 7.52 ], "texture": "#voxels_palette" },
				"up": { "uv": [ 2.48, 6.48, 3.52, 7.52 ], "texture": "#voxels_palette" },
				"north": { "uv": [ 2.48, 6.48, 3.52, 7.52 ], "texture": "#voxels_palette" },
				"south": { "uv": [ 2.48, 6.48, 3.52, 7.52 ], "texture": "#voxels_palette" },
				"west": { "uv": [ 2.48, 6.48, 3.52, 7.52 ], "texture": "#voxels_palette" },
				"east": { "uv": [ 2.48, 6.48, 3.52, 7.52 ], "texture": "#voxels_palette" }
			}
		},
		{
			"__comment": "Voxels-432B00",
			"from": [ 13, 7.5, 2.5 ],
			"to": [ 13.5, 8, 3 ],
			"faces": {
				"down": { "uv": [ 6.48, 6.48, 7.52, 7.52 ], "texture": "#voxels_palette" },
				"up": { "uv": [ 6.48, 6.48, 7.52, 7.52 ], "texture": "#voxels_palette" },
				"north": { "uv": [ 6.48, 6.48, 7.52, 7.52 ], "texture": "#voxels_palette" },
				"south": { "uv": [ 6.48, 6.48, 7.52, 7.52 ], "texture": "#voxels_palette" },
				"west": { "uv": [ 6.48, 6.48, 7.52, 7.52 ], "texture": "#voxels_palette" },
				"east": { "uv": [ 6.48, 6.48, 7.52, 7.52 ], "texture": "#voxels_palette" }
			}
		},
		{
			"__comment": "Voxels-4D2D00",
			"from": [ 13, 7.5, 3.5 ],
			"to": [ 13.5, 8, 4 ],
			"faces": {
				"down": { "uv": [ 0.48, 4.48, 1.52, 5.52 ], "texture": "#voxels_palette" },
				"up": { "uv": [ 0.48, 4.48, 1.52, 5.52 ], "texture": "#voxels_palette" },
				"north": { "uv": [ 0.48, 4.48, 1.52, 5.52 ], "texture": "#voxels_palette" },
				"south": { "uv": [ 0.48, 4.48, 1.52, 5.52 ], "texture": "#voxels_palette" },
				"west": { "uv": [ 0.48, 4.48, 1.52, 5.52 ], "texture": "#voxels_palette" },
				"east": { "uv": [ 0.48, 4.48, 1.52, 5.52 ], "texture": "#voxels_palette" }
			}
		},
		{
			"__comment": "Voxels-FFEE54",
			"from": [ 13, 9, 2 ],
			"to": [ 13.5, 9.5, 2.5 ],
			"faces": {
				"down": { "uv": [ 2.48, 6.48, 3.52, 7.52 ], "texture": "#voxels_palette" },
				"up": { "uv": [ 2.48, 6.48, 3.52, 7.52 ], "texture": "#voxels_palette" },
				"north": { "uv": [ 2.48, 6.48, 3.52, 7.52 ], "texture": "#voxels_palette" },
				"south": { "uv": [ 2.48, 6.48, 3.52, 7.52 ], "texture": "#voxels_palette" },
				"west": { "uv": [ 2.48, 6.48, 3.52, 7.52 ], "texture": "#voxels_palette" },
				"east": { "uv": [ 2.48, 6.48, 3.52, 7.52 ], "texture": "#voxels_palette" }
			}
		},
		{
			"__comment": "Voxels-412700",
			"from": [ 13, 9, 2.5 ],
			"to": [ 13.5, 9.5, 3 ],
			"faces": {
				"down": { "uv": [ 12.48, 4.48, 13.52, 5.52 ], "texture": "#voxels_palette" },
				"up": { "uv": [ 12.48, 4.48, 13.52, 5.52 ], "texture": "#voxels_palette" },
				"north": { "uv": [ 12.48, 4.48, 13.52, 5.52 ], "texture": "#voxels_palette" },
				"south": { "uv": [ 12.48, 4.48, 13.52, 5.52 ], "texture": "#voxels_palette" },
				"west": { "uv": [ 12.48, 4.48, 13.52, 5.52 ], "texture": "#voxels_palette" },
				"east": { "uv": [ 12.48, 4.48, 13.52, 5.52 ], "texture": "#voxels_palette" }
			}
		},
		{
			"__comment": "Voxels-4D2D00",
			"from": [ 13, 9, 3.5 ],
			"to": [ 13.5, 9.5, 4 ],
			"faces": {
				"down": { "uv": [ 0.48, 4.48, 1.52, 5.52 ], "texture": "#voxels_palette" },
				"up": { "uv": [ 0.48, 4.48, 1.52, 5.52 ], "texture": "#voxels_palette" },
				"north": { "uv": [ 0.48, 4.48, 1.52, 5.52 ], "texture": "#voxels_palette" },
				"south": { "uv": [ 0.48, 4.48, 1.52, 5.52 ], "texture": "#voxels_palette" },
				"west": { "uv": [ 0.48, 4.48, 1.52, 5.52 ], "texture": "#voxels_palette" },
				"east": { "uv": [ 0.48, 4.48, 1.52, 5.52 ], "texture": "#voxels_palette" }
			}
		},
		{
			"__comment": "Voxels-361B00",
			"from": [ 13.5, 7.5, 2 ],
			"to": [ 14, 8, 2.5 ],
			"faces": {
				"down": { "uv": [ 10.48, 4.48, 11.52, 5.52 ], "texture": "#voxels_palette" },
				"up": { "uv": [ 10.48, 4.48, 11.52, 5.52 ], "texture": "#voxels_palette" },
				"north": { "uv": [ 10.48, 4.48, 11.52, 5.52 ], "texture": "#voxels_palette" },
				"south": { "uv": [ 10.48, 4.48, 11.52, 5.52 ], "texture": "#voxels_palette" },
				"west": { "uv": [ 10.48, 4.48, 11.52, 5.52 ], "texture": "#voxels_palette" },
				"east": { "uv": [ 10.48, 4.48, 11.52, 5.52 ], "texture": "#voxels_palette" }
			}
		},
		{
			"__comment": "Voxels-333300",
			"from": [ 13.5, 7.5, 2.5 ],
			"to": [ 14, 8, 3 ],
			"faces": {
				"down": { "uv": [ 0.48, 6.48, 1.52, 7.52 ], "texture": "#voxels_palette" },
				"up": { "uv": [ 0.48, 6.48, 1.52, 7.52 ], "texture": "#voxels_palette" },
				"north": { "uv": [ 0.48, 6.48, 1.52, 7.52 ], "texture": "#voxels_palette" },
				"south": { "uv": [ 0.48, 6.48, 1.52, 7.52 ], "texture": "#voxels_palette" },
				"west": { "uv": [ 0.48, 6.48, 1.52, 7.52 ], "texture": "#voxels_palette" },
				"east": { "uv": [ 0.48, 6.48, 1.52, 7.52 ], "texture": "#voxels_palette" }
			}
		},
		{
			"__comment": "Voxels-361B00",
			"from": [ 13.5, 9, 2 ],
			"to": [ 14, 9.5, 2.5 ],
			"faces": {
				"down": { "uv": [ 10.48, 4.48, 11.52, 5.52 ], "texture": "#voxels_palette" },
				"up": { "uv": [ 10.48, 4.48, 11.52, 5.52 ], "texture": "#voxels_palette" },
				"north": { "uv": [ 10.48, 4.48, 11.52, 5.52 ], "texture": "#voxels_palette" },
				"south": { "uv": [ 10.48, 4.48, 11.52, 5.52 ], "texture": "#voxels_palette" },
				"west": { "uv": [ 10.48, 4.48, 11.52, 5.52 ], "texture": "#voxels_palette" },
				"east": { "uv": [ 10.48, 4.48, 11.52, 5.52 ], "texture": "#voxels_palette" }
			}
		},
		{
			"__comment": "Voxels-333300",
			"from": [ 13.5, 9, 2.5 ],
			"to": [ 14, 9.5, 3 ],
			"faces": {
				"down": { "uv": [ 0.48, 6.48, 1.52, 7.52 ], "texture": "#voxels_palette" },
				"up": { "uv": [ 0.48, 6.48, 1.52, 7.52 ], "texture": "#voxels_palette" },
				"north": { "uv": [ 0.48, 6.48, 1.52, 7.52 ], "texture": "#voxels_palette" },
				"south": { "uv": [ 0.48, 6.48, 1.52, 7.52 ], "texture": "#voxels_palette" },
				"west": { "uv": [ 0.48, 6.48, 1.52, 7.52 ], "texture": "#voxels_palette" },
				"east": { "uv": [ 0.48, 6.48, 1.52, 7.52 ], "texture": "#voxels_palette" }
			}
		},
		{
			"__comment": "Voxels-361B00",
			"from": [ 13.5, 9, 3 ],
			"to": [ 14, 9.5, 3.5 ],
			"faces": {
				"down": { "uv": [ 10.48, 4.48, 11.52, 5.52 ], "texture": "#voxels_palette" },
				"up": { "uv": [ 10.48, 4.48, 11.52, 5.52 ], "texture": "#voxels_palette" },
				"north": { "uv": [ 10.48, 4.48, 11.52, 5.52 ], "texture": "#voxels_palette" },
				"south": { "uv": [ 10.48, 4.48, 11.52, 5.52 ], "texture": "#voxels_palette" },
				"west": { "uv": [ 10.48, 4.48, 11.52, 5.52 ], "texture": "#voxels_palette" },
				"east": { "uv": [ 10.48, 4.48, 11.52, 5.52 ], "texture": "#voxels_palette" }
			}
		},
		{
			"__comment": "Box63",
			"from": [ 0, 8, 2 ],
			"to": [ 16, 9, 3.5 ],
			"faces": {
				"down": { "uv": [ 0, 3.5, 16, 2 ], "texture": "#tjp1" },
				"up": { "uv": [ 0, 2, 16, 3.5 ], "texture": "#tjp1" },
				"north": { "uv": [ 16, 2, 0, 2.5 ], "texture": "#tjp1" },
				"south": { "uv": [ 0, 3, 16, 3.5 ], "texture": "#tjp1" },
				"west": { "uv": [ 0, 2, 0.5, 3.5 ], "texture": "#tjp1", "rotation": 270 },
				"east": { "uv": [ 16, 3.5, 15.5, 2 ], "texture": "#tjp1", "rotation": 270 }
			}
		},
		{
			"__comment": "Box64",
			"from": [ 1, 8, 4 ],
			"to": [ 15, 9, 13.5 ],
			"faces": {
				"down": { "uv": [ 1, 13.5, 15, 4 ], "texture": "#tjp1" },
				"up": { "uv": [ 1, 4, 15, 13.5 ], "texture": "#tjp1" },
				"north": { "uv": [ 15, 4, 1, 4.5 ], "texture": "#tjp1" },
				"south": { "uv": [ 1, 13, 15, 13.5 ], "texture": "#tjp1" },
				"west": { "uv": [ 1, 4, 1.5, 13.5 ], "texture": "#tjp1", "rotation": 270 },
				"east": { "uv": [ 15, 13.5, 14.5, 4 ], "texture": "#tjp1", "rotation": 270 }
			}
		},
		{
			"__comment": "Box65",
			"from": [ 1.5, 8, 13.5 ],
			"to": [ 14.5, 9, 14 ],
			"faces": {
				"down": { "uv": [ 1.5, 14, 14.5, 13.5 ], "texture": "#tjp1" },
				"up": { "uv": [ 1.5, 13.5, 14.5, 14 ], "texture": "#tjp1" },
				"north": { "uv": [ 14.5, 13.5, 1.5, 14 ], "texture": "#tjp1" },
				"south": { "uv": [ 1.5, 13.5, 14.5, 14 ], "texture": "#tjp1" },
				"west": { "uv": [ 1.5, 13.5, 2, 14 ], "texture": "#tjp1", "rotation": 270 },
				"east": { "uv": [ 14.5, 14, 14, 13.5 ], "texture": "#tjp1", "rotation": 270 }
			}
		},
		{
			"__comment": "Box66",
			"from": [ 2, 8, 1.5 ],
			"to": [ 4, 9, 14.5 ],
			"faces": {
				"down": { "uv": [ 2, 14.5, 4, 1.5 ], "texture": "#tjp1" },
				"up": { "uv": [ 2, 1.5, 4, 14.5 ], "texture": "#tjp1" },
				"north": { "uv": [ 4, 1.5, 2, 2 ], "texture": "#tjp1" },
				"south": { "uv": [ 2, 14, 4, 14.5 ], "texture": "#tjp1" },
				"west": { "uv": [ 2, 1.5, 2.5, 14.5 ], "texture": "#tjp1", "rotation": 270 },
				"east": { "uv": [ 4, 14.5, 3.5, 1.5 ], "texture": "#tjp1", "rotation": 270 }
			}
		},
		{
			"__comment": "Box67",
			"from": [ 2.5, 8, 14.5 ],
			"to": [ 13.5, 9, 15 ],
			"faces": {
				"down": { "uv": [ 2.5, 15, 13.5, 14.5 ], "texture": "#tjp1" },
				"up": { "uv": [ 2.5, 14.5, 13.5, 15 ], "texture": "#tjp1" },
				"north": { "uv": [ 13.5, 14.5, 2.5, 15 ], "texture": "#tjp1" },
				"south": { "uv": [ 2.5, 14.5, 13.5, 15 ], "texture": "#tjp1" },
				"west": { "uv": [ 2.5, 14.5, 3, 15 ], "texture": "#tjp1", "rotation": 270 },
				"east": { "uv": [ 13.5, 15, 13, 14.5 ], "texture": "#tjp1", "rotation": 270 }
			}
		},
		{
			"__comment": "Box68",
			"from": [ 4, 8, 14 ],
			"to": [ 14, 9, 14.5 ],
			"faces": {
				"down": { "uv": [ 4, 14.5, 14, 14 ], "texture": "#tjp1" },
				"up": { "uv": [ 4, 14, 14, 14.5 ], "texture": "#tjp1" },
				"north": { "uv": [ 14, 14, 4, 14.5 ], "texture": "#tjp1" },
				"south": { "uv": [ 4, 14, 14, 14.5 ], "texture": "#tjp1" },
				"west": { "uv": [ 4, 14, 4.5, 14.5 ], "texture": "#tjp1", "rotation": 270 },
				"east": { "uv": [ 14, 14.5, 13.5, 14 ], "texture": "#tjp1", "rotation": 270 }
			}
		},
		{
			"__comment": "Box69",
			"from": [ 12, 8, 1.5 ],
			"to": [ 14, 9, 4 ],
			"faces": {
				"down": { "uv": [ 12, 4, 14, 1.5 ], "texture": "#tjp1" },
				"up": { "uv": [ 12, 1.5, 14, 4 ], "texture": "#tjp1" },
				"north": { "uv": [ 14, 1.5, 12, 2 ], "texture": "#tjp1" },
				"south": { "uv": [ 12, 3.5, 14, 4 ], "texture": "#tjp1" },
				"west": { "uv": [ 12, 1.5, 12.5, 4 ], "texture": "#tjp1", "rotation": 270 },
				"east": { "uv": [ 14, 4, 13.5, 1.5 ], "texture": "#tjp1", "rotation": 270 }
			}
		}
	],
	"display": {
		"gui": {
			"rotation":  [ -90, -180, 0 ]
		},
		"fixed": {
			"rotation":  [ 90, 0, 0 ],
			"translation":  [ 0, 0, -2 ],
			"scale":  [ 3, 3, 3 ]
		}
	}
}