{
	"__comment": "Designed by Memory520 with Cubik Studio - https://cubik.studio",
	"ambientocclusion": false,
	"textures": {
		"voxels_palette": "./ysg"
	},
	"elements": [ 	 
		{
			"__comment": "Box128",
			"from": [ 0, 0, 8 ],
			"to": [ 16, 16, 8.001 ],
			"faces": {
				"down": { "uv": [ 0, 15, 16, 16 ], "texture": "#voxels_palette" },
				"up": { "uv": [ 16, 16, 0, 15 ], "texture": "#voxels_palette" },
				"north": { "uv": [ 0, 16, 16, 0 ], "texture": "#voxels_palette", "rotation": 180 },
				"south": { "uv": [ 0, 0, 16, 16 ], "texture": "#voxels_palette" },
				"west": { "uv": [ 0, 15, 16, 16 ], "texture": "#voxels_palette", "rotation": 90 },
				"east": { "uv": [ 0, 15, 16, 16 ], "texture": "#voxels_palette", "rotation": 270 }
			}
		},
		{
			"__comment": "Box128",
			"from": [ 7.499, 0, 0.5 ],
			"to": [ 7.5, 16, 16.5 ],
			"faces": {
				"down": { "uv": [ 0, 15, 16, 16 ], "texture": "#voxels_palette", "rotation": 270 },
				"up": { "uv": [ 16, 16, 0, 15 ], "texture": "#voxels_palette", "rotation": 90 },
				"north": { "uv": [ 0, 15, 16, 16 ], "texture": "#voxels_palette", "rotation": 90 },
				"south": { "uv": [ 0, 15, 16, 16 ], "texture": "#voxels_palette", "rotation": 270 },
				"west": { "uv": [ 0, 0, 16, 16 ], "texture": "#voxels_palette" },
				"east": { "uv": [ 0, 16, 16, 0 ], "texture": "#voxels_palette", "rotation": 180 }
			}
		}
	],
	"display": {
		"head": {
			"rotation":  [ 0, 90, 0 ],
			"translation":  [ 0, -39, 0 ],
			"scale":  [ 1.5, 1.5, 1.5 ]
		}
	}
}