{
	"__comment": "Designed by Memory520 with Cubik Studio - https://cubik.studio",
	"textures": {
		"voxels_palette": "./yyc"
	},
	"elements": [ 	 
		{
			"__comment": "Box261",
			"from": [ 7.5, 0, 0.5 ],
			"to": [ 7.501, 16, 16.5 ],
			"faces": {
				"down": { "uv": [ 0, 15, 16, 16 ], "texture": "#voxels_palette", "rotation": 90 },
				"up": { "uv": [ 16, 16, 0, 15 ], "texture": "#voxels_palette", "rotation": 270 },
				"north": { "uv": [ 0, 15, 16, 16 ], "texture": "#voxels_palette", "rotation": 270 },
				"south": { "uv": [ 0, 15, 16, 16 ], "texture": "#voxels_palette", "rotation": 90 },
				"west": { "uv": [ 0, 0, 16, 16 ], "texture": "#voxels_palette" },
				"east": { "uv": [ 16, 0, 0, 16 ], "texture": "#voxels_palette" }
			}
		},
		{
			"__comment": "Box261",
			"from": [ 0.5, 0, 9 ],
			"to": [ 16.5, 16, 9.001 ],
			"faces": {
				"down": { "uv": [ 0, 15, 16, 16 ], "texture": "#voxels_palette" },
				"up": { "uv": [ 16, 16, 0, 15 ], "texture": "#voxels_palette" },
				"north": { "uv": [ 0, 0, 16, 16 ], "texture": "#voxels_palette" },
				"south": { "uv": [ 16, 0, 0, 16 ], "texture": "#voxels_palette" },
				"west": { "uv": [ 0, 15, 16, 16 ], "texture": "#voxels_palette", "rotation": 90 },
				"east": { "uv": [ 0, 15, 16, 16 ], "texture": "#voxels_palette", "rotation": 270 }
			}
		}
	],
	"display": {
		"head": {
			"translation":  [ -1.5, 0, -2 ],
			"scale":  [ 2, 2, 2 ]
		}
	}
}