{
	"__comment": "Designed by Memory520 with Cubik Studio - https://cubik.studio",
	"textures": {
		"ddlr": "./ddlr1"
	},
	"elements": [ 	 
		{
			"__comment": "Box1",
			"from": [ 6, 0, 6 ],
			"to": [ 10, 12, 10 ],
			"faces": {
				"down": { "uv": [ 12, 4, 13, 5 ], "texture": "#ddlr" },
				"up": { "uv": [ 11, 4, 12, 5 ], "texture": "#ddlr" },
				"north": { "uv": [ 10, 5, 11, 8 ], "texture": "#ddlr" },
				"south": { "uv": [ 12, 5, 13, 8 ], "texture": "#ddlr" },
				"west": { "uv": [ 11, 5, 12, 8 ], "texture": "#ddlr" },
				"east": { "uv": [ 13, 5, 14, 8 ], "texture": "#ddlr" }
			}
		}
	],
	"display": {
		"thirdperson_righthand": {
			"rotation":  [ 90, 0, 0 ],
			"translation":  [ 0, -2, 8 ]
		},
		"thirdperson_lefthand": {
			"rotation":  [ 90, 0, 0 ],
			"translation":  [ 0, -2, 8 ]
		},
		"gui": {
			"rotation":  [ 0, 104, 6 ],
			"translation":  [ 0, 4.1739, 0 ]
		}
	}
}