{
	"__comment": "Designed by Memory520 with Cubik Studio - https://cubik.studio",
	"textures": {
		"ddlr": "./fxz"
	},
	"elements": [ 	 
		{
			"__comment": "Box1",
			"from": [ 5, 0, 4 ],
			"to": [ 13, 8, 12 ],
			"faces": {
				"down": { "uv": [ 4, 0, 6, 2 ], "texture": "#ddlr" },
				"up": { "uv": [ 2, 0, 4, 2 ], "texture": "#ddlr" },
				"north": { "uv": [ 0, 2, 2, 4 ], "texture": "#ddlr" },
				"south": { "uv": [ 4, 2, 6, 4 ], "texture": "#ddlr" },
				"west": { "uv": [ 2, 2, 4, 4 ], "texture": "#ddlr" },
				"east": { "uv": [ 6, 2, 8, 4 ], "texture": "#ddlr" }
			}
		},
		{
			"__comment": "Box2",
			"from": [ 4.5, -0.5, 3.5 ],
			"to": [ 13.5, 8.5, 12.5 ],
			"faces": {
				"down": { "uv": [ 12, 0, 14, 2 ], "texture": "#ddlr" },
				"up": { "uv": [ 10, 0, 12, 2 ], "texture": "#ddlr", "rotation": 90 },
				"north": { "uv": [ 8, 2, 10, 4 ], "texture": "#ddlr" },
				"south": { "uv": [ 12, 2, 14, 4 ], "texture": "#ddlr" },
				"west": { "uv": [ 10, 2, 12, 4 ], "texture": "#ddlr" },
				"east": { "uv": [ 14, 2, 16, 4 ], "texture": "#ddlr" }
			}
		}
	],
	"display": {
		"gui": {
			"rotation":  [ 0, 90, 0 ],
			"translation":  [ 0, 3.4782, 0 ]
		},
		"head": {
			"rotation":  [ 0, -90, 0 ],
			"translation":  [ 0, 7, -2 ],
			"scale":  [ 1.7, 1.7, 1.7 ]
		}
	}
}