{
	"__comment": "Designed by Memory520 with Cubik Studio - https://cubik.studio",
	"textures": {
		"ddlr": "./mt",
		"voxels_palette": "./mt2",
		"Voxel-000000": "./hyt"
	},
	"elements": [ 	 
		{
			"__comment": "Box1",
			"from": [ 5, 0, 4 ],
			"to": [ 13, 8, 12 ],
			"faces": {
				"down": { "uv": [ 4, 0, 6, 2 ], "texture": "#ddlr" },
				"up": { "uv": [ 2, 0, 4, 2 ], "texture": "#ddlr", "rotation": 90 },
				"north": { "uv": [ 0, 2, 2, 4 ], "texture": "#ddlr" },
				"south": { "uv": [ 4, 2, 6, 4 ], "texture": "#ddlr" },
				"west": { "uv": [ 2, 2, 4, 4 ], "texture": "#ddlr" },
				"east": { "uv": [ 6, 2, 8, 4 ], "texture": "#ddlr" }
			}
		},
		{
			"__comment": "Box2",
			"from": [ 4.5, -0.5, 3.5 ],
			"to": [ 13.5, 8.5, 12.5 ],
			"faces": {
				"down": { "uv": [ 10, 0, 12, 2 ], "texture": "#ddlr" },
				"up": { "uv": [ 10, 0, 12, 2 ], "texture": "#ddlr", "rotation": 90 },
				"north": { "uv": [ 8, 2, 10, 4 ], "texture": "#ddlr" },
				"south": { "uv": [ 12, 2, 14, 4 ], "texture": "#ddlr" },
				"west": { "uv": [ 10, 2, 12, 4 ], "texture": "#ddlr" },
				"east": { "uv": [ 14, 2, 16, 4 ], "texture": "#ddlr" }
			}
		},
		{
			"__comment": "Voxels-332A1F",
			"from": [ 5, 8, 4 ],
			"to": [ 6, 9, 5 ],
			"faces": {
				"down": { "uv": [ 4.96, 0.96, 7.04, 3.04 ], "texture": "#voxels_palette" },
				"up": { "uv": [ 4.96, 0.96, 7.04, 3.04 ], "texture": "#voxels_palette" },
				"north": { "uv": [ 4.96, 0.96, 7.04, 3.04 ], "texture": "#voxels_palette" },
				"south": { "uv": [ 4.96, 0.96, 7.04, 3.04 ], "texture": "#voxels_palette" },
				"west": { "uv": [ 4.96, 0.96, 7.04, 3.04 ], "texture": "#voxels_palette" },
				"east": { "uv": [ 4.96, 0.96, 7.04, 3.04 ], "texture": "#voxels_palette" }
			}
		},
		{
			"__comment": "Voxels-493B2C",
			"from": [ 5, 8, 5 ],
			"to": [ 6, 9, 6 ],
			"faces": {
				"down": { "uv": [ 8.96, 0.96, 11.04, 3.04 ], "texture": "#voxels_palette" },
				"up": { "uv": [ 8.96, 0.96, 11.04, 3.04 ], "texture": "#voxels_palette" },
				"north": { "uv": [ 8.96, 0.96, 11.04, 3.04 ], "texture": "#voxels_palette" },
				"south": { "uv": [ 8.96, 0.96, 11.04, 3.04 ], "texture": "#voxels_palette" },
				"west": { "uv": [ 8.96, 0.96, 11.04, 3.04 ], "texture": "#voxels_palette" },
				"east": { "uv": [ 8.96, 0.96, 11.04, 3.04 ], "texture": "#voxels_palette" }
			}
		},
		{
			"__comment": "Voxels-544332",
			"from": [ 5, 8, 6 ],
			"to": [ 6, 9, 7 ],
			"faces": {
				"down": { "uv": [ 12.96, 0.96, 15.04, 3.04 ], "texture": "#voxels_palette" },
				"up": { "uv": [ 12.96, 0.96, 15.04, 3.04 ], "texture": "#voxels_palette" },
				"north": { "uv": [ 12.96, 0.96, 15.04, 3.04 ], "texture": "#voxels_palette" },
				"south": { "uv": [ 12.96, 0.96, 15.04, 3.04 ], "texture": "#voxels_palette" },
				"west": { "uv": [ 12.96, 0.96, 15.04, 3.04 ], "texture": "#voxels_palette" },
				"east": { "uv": [ 12.96, 0.96, 15.04, 3.04 ], "texture": "#voxels_palette" }
			}
		},
		{
			"__comment": "Voxels-3F3326",
			"from": [ 5, 8, 7 ],
			"to": [ 6, 9, 8 ],
			"faces": {
				"down": { "uv": [ 0.96, 4.96, 3.04, 7.04 ], "texture": "#voxels_palette" },
				"up": { "uv": [ 0.96, 4.96, 3.04, 7.04 ], "texture": "#voxels_palette" },
				"north": { "uv": [ 0.96, 4.96, 3.04, 7.04 ], "texture": "#voxels_palette" },
				"south": { "uv": [ 0.96, 4.96, 3.04, 7.04 ], "texture": "#voxels_palette" },
				"west": { "uv": [ 0.96, 4.96, 3.04, 7.04 ], "texture": "#voxels_palette" },
				"east": { "uv": [ 0.96, 4.96, 3.04, 7.04 ], "texture": "#voxels_palette" }
			}
		},
		{
			"__comment": "Voxels-544332",
			"from": [ 5, 8, 8 ],
			"to": [ 6, 9, 9 ],
			"faces": {
				"down": { "uv": [ 12.96, 0.96, 15.04, 3.04 ], "texture": "#voxels_palette" },
				"up": { "uv": [ 12.96, 0.96, 15.04, 3.04 ], "texture": "#voxels_palette" },
				"north": { "uv": [ 12.96, 0.96, 15.04, 3.04 ], "texture": "#voxels_palette" },
				"south": { "uv": [ 12.96, 0.96, 15.04, 3.04 ], "texture": "#voxels_palette" },
				"west": { "uv": [ 12.96, 0.96, 15.04, 3.04 ], "texture": "#voxels_palette" },
				"east": { "uv": [ 12.96, 0.96, 15.04, 3.04 ], "texture": "#voxels_palette" }
			}
		},
		{
			"__comment": "Voxels-332A1F",
			"from": [ 5, 8, 9 ],
			"to": [ 6, 9, 10 ],
			"faces": {
				"down": { "uv": [ 4.96, 0.96, 7.04, 3.04 ], "texture": "#voxels_palette" },
				"up": { "uv": [ 4.96, 0.96, 7.04, 3.04 ], "texture": "#voxels_palette" },
				"north": { "uv": [ 4.96, 0.96, 7.04, 3.04 ], "texture": "#voxels_palette" },
				"south": { "uv": [ 4.96, 0.96, 7.04, 3.04 ], "texture": "#voxels_palette" },
				"west": { "uv": [ 4.96, 0.96, 7.04, 3.04 ], "texture": "#voxels_palette" },
				"east": { "uv": [ 4.96, 0.96, 7.04, 3.04 ], "texture": "#voxels_palette" }
			}
		},
		{
			"__comment": "Voxels-493B2C",
			"from": [ 5, 8, 10 ],
			"to": [ 6, 9, 11 ],
			"faces": {
				"down": { "uv": [ 8.96, 0.96, 11.04, 3.04 ], "texture": "#voxels_palette" },
				"up": { "uv": [ 8.96, 0.96, 11.04, 3.04 ], "texture": "#voxels_palette" },
				"north": { "uv": [ 8.96, 0.96, 11.04, 3.04 ], "texture": "#voxels_palette" },
				"south": { "uv": [ 8.96, 0.96, 11.04, 3.04 ], "texture": "#voxels_palette" },
				"west": { "uv": [ 8.96, 0.96, 11.04, 3.04 ], "texture": "#voxels_palette" },
				"east": { "uv": [ 8.96, 0.96, 11.04, 3.04 ], "texture": "#voxels_palette" }
			}
		},
		{
			"__comment": "Voxels-3F3326",
			"from": [ 5, 8, 11 ],
			"to": [ 6, 9, 12 ],
			"faces": {
				"down": { "uv": [ 0.96, 4.96, 3.04, 7.04 ], "texture": "#voxels_palette" },
				"up": { "uv": [ 0.96, 4.96, 3.04, 7.04 ], "texture": "#voxels_palette" },
				"north": { "uv": [ 0.96, 4.96, 3.04, 7.04 ], "texture": "#voxels_palette" },
				"south": { "uv": [ 0.96, 4.96, 3.04, 7.04 ], "texture": "#voxels_palette" },
				"west": { "uv": [ 0.96, 4.96, 3.04, 7.04 ], "texture": "#voxels_palette" },
				"east": { "uv": [ 0.96, 4.96, 3.04, 7.04 ], "texture": "#voxels_palette" }
			}
		},
		{
			"__comment": "Voxels-493B2C",
			"from": [ 6, 8, 4 ],
			"to": [ 8, 9, 5 ],
			"faces": {
				"down": { "uv": [ 8.96, 0.96, 11.04, 3.04 ], "texture": "#voxels_palette" },
				"up": { "uv": [ 8.96, 0.96, 11.04, 3.04 ], "texture": "#voxels_palette" },
				"north": { "uv": [ 8.96, 0.96, 11.04, 3.04 ], "texture": "#voxels_palette" },
				"south": { "uv": [ 8.96, 0.96, 11.04, 3.04 ], "texture": "#voxels_palette" },
				"west": { "uv": [ 8.96, 0.96, 11.04, 3.04 ], "texture": "#voxels_palette" },
				"east": { "uv": [ 8.96, 0.96, 11.04, 3.04 ], "texture": "#voxels_palette" }
			}
		},
		{
			"__comment": "Voxels-493B2C",
			"from": [ 6, 8, 11 ],
			"to": [ 7, 9, 12 ],
			"faces": {
				"down": { "uv": [ 8.96, 0.96, 11.04, 3.04 ], "texture": "#voxels_palette" },
				"up": { "uv": [ 8.96, 0.96, 11.04, 3.04 ], "texture": "#voxels_palette" },
				"north": { "uv": [ 8.96, 0.96, 11.04, 3.04 ], "texture": "#voxels_palette" },
				"south": { "uv": [ 8.96, 0.96, 11.04, 3.04 ], "texture": "#voxels_palette" },
				"west": { "uv": [ 8.96, 0.96, 11.04, 3.04 ], "texture": "#voxels_palette" },
				"east": { "uv": [ 8.96, 0.96, 11.04, 3.04 ], "texture": "#voxels_palette" }
			}
		},
		{
			"__comment": "Voxels-544332",
			"from": [ 7, 8, 11 ],
			"to": [ 8, 9, 12 ],
			"faces": {
				"down": { "uv": [ 12.96, 0.96, 15.04, 3.04 ], "texture": "#voxels_palette" },
				"up": { "uv": [ 12.96, 0.96, 15.04, 3.04 ], "texture": "#voxels_palette" },
				"north": { "uv": [ 12.96, 0.96, 15.04, 3.04 ], "texture": "#voxels_palette" },
				"south": { "uv": [ 12.96, 0.96, 15.04, 3.04 ], "texture": "#voxels_palette" },
				"west": { "uv": [ 12.96, 0.96, 15.04, 3.04 ], "texture": "#voxels_palette" },
				"east": { "uv": [ 12.96, 0.96, 15.04, 3.04 ], "texture": "#voxels_palette" }
			}
		},
		{
			"__comment": "Voxels-544332",
			"from": [ 8, 8, 4 ],
			"to": [ 9, 9, 5 ],
			"faces": {
				"down": { "uv": [ 12.96, 0.96, 15.04, 3.04 ], "texture": "#voxels_palette" },
				"up": { "uv": [ 12.96, 0.96, 15.04, 3.04 ], "texture": "#voxels_palette" },
				"north": { "uv": [ 12.96, 0.96, 15.04, 3.04 ], "texture": "#voxels_palette" },
				"south": { "uv": [ 12.96, 0.96, 15.04, 3.04 ], "texture": "#voxels_palette" },
				"west": { "uv": [ 12.96, 0.96, 15.04, 3.04 ], "texture": "#voxels_palette" },
				"east": { "uv": [ 12.96, 0.96, 15.04, 3.04 ], "texture": "#voxels_palette" }
			}
		},
		{
			"__comment": "Voxels-3F3326",
			"from": [ 8, 8, 11 ],
			"to": [ 9, 9, 12 ],
			"faces": {
				"down": { "uv": [ 0.96, 4.96, 3.04, 7.04 ], "texture": "#voxels_palette" },
				"up": { "uv": [ 0.96, 4.96, 3.04, 7.04 ], "texture": "#voxels_palette" },
				"north": { "uv": [ 0.96, 4.96, 3.04, 7.04 ], "texture": "#voxels_palette" },
				"south": { "uv": [ 0.96, 4.96, 3.04, 7.04 ], "texture": "#voxels_palette" },
				"west": { "uv": [ 0.96, 4.96, 3.04, 7.04 ], "texture": "#voxels_palette" },
				"east": { "uv": [ 0.96, 4.96, 3.04, 7.04 ], "texture": "#voxels_palette" }
			}
		},
		{
			"__comment": "Voxels-493B2C",
			"from": [ 9, 8, 4 ],
			"to": [ 10, 9, 5 ],
			"faces": {
				"down": { "uv": [ 8.96, 0.96, 11.04, 3.04 ], "texture": "#voxels_palette" },
				"up": { "uv": [ 8.96, 0.96, 11.04, 3.04 ], "texture": "#voxels_palette" },
				"north": { "uv": [ 8.96, 0.96, 11.04, 3.04 ], "texture": "#voxels_palette" },
				"south": { "uv": [ 8.96, 0.96, 11.04, 3.04 ], "texture": "#voxels_palette" },
				"west": { "uv": [ 8.96, 0.96, 11.04, 3.04 ], "texture": "#voxels_palette" },
				"east": { "uv": [ 8.96, 0.96, 11.04, 3.04 ], "texture": "#voxels_palette" }
			}
		},
		{
			"__comment": "Voxels-544332",
			"from": [ 9, 8, 11 ],
			"to": [ 10, 9, 12 ],
			"faces": {
				"down": { "uv": [ 12.96, 0.96, 15.04, 3.04 ], "texture": "#voxels_palette" },
				"up": { "uv": [ 12.96, 0.96, 15.04, 3.04 ], "texture": "#voxels_palette" },
				"north": { "uv": [ 12.96, 0.96, 15.04, 3.04 ], "texture": "#voxels_palette" },
				"south": { "uv": [ 12.96, 0.96, 15.04, 3.04 ], "texture": "#voxels_palette" },
				"west": { "uv": [ 12.96, 0.96, 15.04, 3.04 ], "texture": "#voxels_palette" },
				"east": { "uv": [ 12.96, 0.96, 15.04, 3.04 ], "texture": "#voxels_palette" }
			}
		},
		{
			"__comment": "Voxels-544332",
			"from": [ 10, 8, 4 ],
			"to": [ 11, 9, 5 ],
			"faces": {
				"down": { "uv": [ 12.96, 0.96, 15.04, 3.04 ], "texture": "#voxels_palette" },
				"up": { "uv": [ 12.96, 0.96, 15.04, 3.04 ], "texture": "#voxels_palette" },
				"north": { "uv": [ 12.96, 0.96, 15.04, 3.04 ], "texture": "#voxels_palette" },
				"south": { "uv": [ 12.96, 0.96, 15.04, 3.04 ], "texture": "#voxels_palette" },
				"west": { "uv": [ 12.96, 0.96, 15.04, 3.04 ], "texture": "#voxels_palette" },
				"east": { "uv": [ 12.96, 0.96, 15.04, 3.04 ], "texture": "#voxels_palette" }
			}
		},
		{
			"__comment": "Voxels-332A1F",
			"from": [ 10, 8, 11 ],
			"to": [ 11, 9, 12 ],
			"faces": {
				"down": { "uv": [ 4.96, 0.96, 7.04, 3.04 ], "texture": "#voxels_palette" },
				"up": { "uv": [ 4.96, 0.96, 7.04, 3.04 ], "texture": "#voxels_palette" },
				"north": { "uv": [ 4.96, 0.96, 7.04, 3.04 ], "texture": "#voxels_palette" },
				"south": { "uv": [ 4.96, 0.96, 7.04, 3.04 ], "texture": "#voxels_palette" },
				"west": { "uv": [ 4.96, 0.96, 7.04, 3.04 ], "texture": "#voxels_palette" },
				"east": { "uv": [ 4.96, 0.96, 7.04, 3.04 ], "texture": "#voxels_palette" }
			}
		},
		{
			"__comment": "Voxels-493B2C",
			"from": [ 11, 8, 4 ],
			"to": [ 12, 9, 5 ],
			"faces": {
				"down": { "uv": [ 8.96, 0.96, 11.04, 3.04 ], "texture": "#voxels_palette" },
				"up": { "uv": [ 8.96, 0.96, 11.04, 3.04 ], "texture": "#voxels_palette" },
				"north": { "uv": [ 8.96, 0.96, 11.04, 3.04 ], "texture": "#voxels_palette" },
				"south": { "uv": [ 8.96, 0.96, 11.04, 3.04 ], "texture": "#voxels_palette" },
				"west": { "uv": [ 8.96, 0.96, 11.04, 3.04 ], "texture": "#voxels_palette" },
				"east": { "uv": [ 8.96, 0.96, 11.04, 3.04 ], "texture": "#voxels_palette" }
			}
		},
		{
			"__comment": "Voxels-493B2C",
			"from": [ 11, 8, 11 ],
			"to": [ 12, 9, 12 ],
			"faces": {
				"down": { "uv": [ 8.96, 0.96, 11.04, 3.04 ], "texture": "#voxels_palette" },
				"up": { "uv": [ 8.96, 0.96, 11.04, 3.04 ], "texture": "#voxels_palette" },
				"north": { "uv": [ 8.96, 0.96, 11.04, 3.04 ], "texture": "#voxels_palette" },
				"south": { "uv": [ 8.96, 0.96, 11.04, 3.04 ], "texture": "#voxels_palette" },
				"west": { "uv": [ 8.96, 0.96, 11.04, 3.04 ], "texture": "#voxels_palette" },
				"east": { "uv": [ 8.96, 0.96, 11.04, 3.04 ], "texture": "#voxels_palette" }
			}
		},
		{
			"__comment": "Voxels-3F3326",
			"from": [ 12, 8, 4 ],
			"to": [ 13, 9, 5 ],
			"faces": {
				"down": { "uv": [ 0.96, 4.96, 3.04, 7.04 ], "texture": "#voxels_palette" },
				"up": { "uv": [ 0.96, 4.96, 3.04, 7.04 ], "texture": "#voxels_palette" },
				"north": { "uv": [ 0.96, 4.96, 3.04, 7.04 ], "texture": "#voxels_palette" },
				"south": { "uv": [ 0.96, 4.96, 3.04, 7.04 ], "texture": "#voxels_palette" },
				"west": { "uv": [ 0.96, 4.96, 3.04, 7.04 ], "texture": "#voxels_palette" },
				"east": { "uv": [ 0.96, 4.96, 3.04, 7.04 ], "texture": "#voxels_palette" }
			}
		},
		{
			"__comment": "Voxels-544332",
			"from": [ 12, 8, 5 ],
			"to": [ 13, 9, 6 ],
			"faces": {
				"down": { "uv": [ 12.96, 0.96, 15.04, 3.04 ], "texture": "#voxels_palette" },
				"up": { "uv": [ 12.96, 0.96, 15.04, 3.04 ], "texture": "#voxels_palette" },
				"north": { "uv": [ 12.96, 0.96, 15.04, 3.04 ], "texture": "#voxels_palette" },
				"south": { "uv": [ 12.96, 0.96, 15.04, 3.04 ], "texture": "#voxels_palette" },
				"west": { "uv": [ 12.96, 0.96, 15.04, 3.04 ], "texture": "#voxels_palette" },
				"east": { "uv": [ 12.96, 0.96, 15.04, 3.04 ], "texture": "#voxels_palette" }
			}
		},
		{
			"__comment": "Voxels-3F3326",
			"from": [ 12, 8, 6 ],
			"to": [ 13, 9, 7 ],
			"faces": {
				"down": { "uv": [ 0.96, 4.96, 3.04, 7.04 ], "texture": "#voxels_palette" },
				"up": { "uv": [ 0.96, 4.96, 3.04, 7.04 ], "texture": "#voxels_palette" },
				"north": { "uv": [ 0.96, 4.96, 3.04, 7.04 ], "texture": "#voxels_palette" },
				"south": { "uv": [ 0.96, 4.96, 3.04, 7.04 ], "texture": "#voxels_palette" },
				"west": { "uv": [ 0.96, 4.96, 3.04, 7.04 ], "texture": "#voxels_palette" },
				"east": { "uv": [ 0.96, 4.96, 3.04, 7.04 ], "texture": "#voxels_palette" }
			}
		},
		{
			"__comment": "Voxels-544332",
			"from": [ 12, 8, 7 ],
			"to": [ 13, 9, 8 ],
			"faces": {
				"down": { "uv": [ 12.96, 0.96, 15.04, 3.04 ], "texture": "#voxels_palette" },
				"up": { "uv": [ 12.96, 0.96, 15.04, 3.04 ], "texture": "#voxels_palette" },
				"north": { "uv": [ 12.96, 0.96, 15.04, 3.04 ], "texture": "#voxels_palette" },
				"south": { "uv": [ 12.96, 0.96, 15.04, 3.04 ], "texture": "#voxels_palette" },
				"west": { "uv": [ 12.96, 0.96, 15.04, 3.04 ], "texture": "#voxels_palette" },
				"east": { "uv": [ 12.96, 0.96, 15.04, 3.04 ], "texture": "#voxels_palette" }
			}
		},
		{
			"__comment": "Voxels-3F3326",
			"from": [ 12, 8, 8 ],
			"to": [ 13, 9, 9 ],
			"faces": {
				"down": { "uv": [ 0.96, 4.96, 3.04, 7.04 ], "texture": "#voxels_palette" },
				"up": { "uv": [ 0.96, 4.96, 3.04, 7.04 ], "texture": "#voxels_palette" },
				"north": { "uv": [ 0.96, 4.96, 3.04, 7.04 ], "texture": "#voxels_palette" },
				"south": { "uv": [ 0.96, 4.96, 3.04, 7.04 ], "texture": "#voxels_palette" },
				"west": { "uv": [ 0.96, 4.96, 3.04, 7.04 ], "texture": "#voxels_palette" },
				"east": { "uv": [ 0.96, 4.96, 3.04, 7.04 ], "texture": "#voxels_palette" }
			}
		},
		{
			"__comment": "Voxels-544332",
			"from": [ 12, 8, 9 ],
			"to": [ 13, 9, 10 ],
			"faces": {
				"down": { "uv": [ 12.96, 0.96, 15.04, 3.04 ], "texture": "#voxels_palette" },
				"up": { "uv": [ 12.96, 0.96, 15.04, 3.04 ], "texture": "#voxels_palette" },
				"north": { "uv": [ 12.96, 0.96, 15.04, 3.04 ], "texture": "#voxels_palette" },
				"south": { "uv": [ 12.96, 0.96, 15.04, 3.04 ], "texture": "#voxels_palette" },
				"west": { "uv": [ 12.96, 0.96, 15.04, 3.04 ], "texture": "#voxels_palette" },
				"east": { "uv": [ 12.96, 0.96, 15.04, 3.04 ], "texture": "#voxels_palette" }
			}
		},
		{
			"__comment": "Voxels-493B2C",
			"from": [ 12, 8, 10 ],
			"to": [ 13, 9, 11 ],
			"faces": {
				"down": { "uv": [ 8.96, 0.96, 11.04, 3.04 ], "texture": "#voxels_palette" },
				"up": { "uv": [ 8.96, 0.96, 11.04, 3.04 ], "texture": "#voxels_palette" },
				"north": { "uv": [ 8.96, 0.96, 11.04, 3.04 ], "texture": "#voxels_palette" },
				"south": { "uv": [ 8.96, 0.96, 11.04, 3.04 ], "texture": "#voxels_palette" },
				"west": { "uv": [ 8.96, 0.96, 11.04, 3.04 ], "texture": "#voxels_palette" },
				"east": { "uv": [ 8.96, 0.96, 11.04, 3.04 ], "texture": "#voxels_palette" }
			}
		},
		{
			"__comment": "Voxels-3F3326",
			"from": [ 12, 8, 11 ],
			"to": [ 13, 9, 12 ],
			"faces": {
				"down": { "uv": [ 0.96, 4.96, 3.04, 7.04 ], "texture": "#voxels_palette" },
				"up": { "uv": [ 0.96, 4.96, 3.04, 7.04 ], "texture": "#voxels_palette" },
				"north": { "uv": [ 0.96, 4.96, 3.04, 7.04 ], "texture": "#voxels_palette" },
				"south": { "uv": [ 0.96, 4.96, 3.04, 7.04 ], "texture": "#voxels_palette" },
				"west": { "uv": [ 0.96, 4.96, 3.04, 7.04 ], "texture": "#voxels_palette" },
				"east": { "uv": [ 0.96, 4.96, 3.04, 7.04 ], "texture": "#voxels_palette" }
			}
		},
		{
			"__comment": "Voxel-000000",
			"from": [ 4.5, 3.5, 5.5 ],
			"to": [ 5, 4, 6 ],
			"faces": {
				"down": { "uv": [ 0, 0, 16, 16 ], "texture": "#Voxel-000000" },
				"up": { "uv": [ 0, 0, 16, 16 ], "texture": "#Voxel-000000" },
				"north": { "uv": [ 0, 0, 16, 16 ], "texture": "#Voxel-000000" },
				"south": { "uv": [ 0, 0, 16, 16 ], "texture": "#Voxel-000000" },
				"west": { "uv": [ 0, 0, 16, 16 ], "texture": "#Voxel-000000" },
				"east": { "uv": [ 0, 0, 16, 16 ], "texture": "#Voxel-000000" }
			}
		},
		{
			"__comment": "Voxel-000000",
			"from": [ 4.5, 3.5, 7 ],
			"to": [ 5, 4, 7.5 ],
			"faces": {
				"down": { "uv": [ 0, 0, 16, 16 ], "texture": "#Voxel-000000" },
				"up": { "uv": [ 0, 0, 16, 16 ], "texture": "#Voxel-000000" },
				"north": { "uv": [ 0, 0, 16, 16 ], "texture": "#Voxel-000000" },
				"south": { "uv": [ 0, 0, 16, 16 ], "texture": "#Voxel-000000" },
				"west": { "uv": [ 0, 0, 16, 16 ], "texture": "#Voxel-000000" },
				"east": { "uv": [ 0, 0, 16, 16 ], "texture": "#Voxel-000000" }
			}
		},
		{
			"__comment": "Voxel-000000",
			"from": [ 4.5, 3.5, 8.5 ],
			"to": [ 5, 4, 9 ],
			"faces": {
				"down": { "uv": [ 0, 0, 16, 16 ], "texture": "#Voxel-000000" },
				"up": { "uv": [ 0, 0, 16, 16 ], "texture": "#Voxel-000000" },
				"north": { "uv": [ 0, 0, 16, 16 ], "texture": "#Voxel-000000" },
				"south": { "uv": [ 0, 0, 16, 16 ], "texture": "#Voxel-000000" },
				"west": { "uv": [ 0, 0, 16, 16 ], "texture": "#Voxel-000000" },
				"east": { "uv": [ 0, 0, 16, 16 ], "texture": "#Voxel-000000" }
			}
		},
		{
			"__comment": "Voxel-000000",
			"from": [ 4.5, 3.5, 10 ],
			"to": [ 5, 4, 10.5 ],
			"faces": {
				"down": { "uv": [ 0, 0, 16, 16 ], "texture": "#Voxel-000000" },
				"up": { "uv": [ 0, 0, 16, 16 ], "texture": "#Voxel-000000" },
				"north": { "uv": [ 0, 0, 16, 16 ], "texture": "#Voxel-000000" },
				"south": { "uv": [ 0, 0, 16, 16 ], "texture": "#Voxel-000000" },
				"west": { "uv": [ 0, 0, 16, 16 ], "texture": "#Voxel-000000" },
				"east": { "uv": [ 0, 0, 16, 16 ], "texture": "#Voxel-000000" }
			}
		},
		{
			"__comment": "Voxel-000000",
			"from": [ 4.5, 4, 5.5 ],
			"to": [ 5, 4.5, 6 ],
			"faces": {
				"down": { "uv": [ 0, 0, 16, 16 ], "texture": "#Voxel-000000" },
				"up": { "uv": [ 0, 0, 16, 16 ], "texture": "#Voxel-000000" },
				"north": { "uv": [ 0, 0, 16, 16 ], "texture": "#Voxel-000000" },
				"south": { "uv": [ 0, 0, 16, 16 ], "texture": "#Voxel-000000" },
				"west": { "uv": [ 0, 0, 16, 16 ], "texture": "#Voxel-000000" },
				"east": { "uv": [ 0, 0, 16, 16 ], "texture": "#Voxel-000000" }
			}
		},
		{
			"__comment": "Voxel-000000",
			"from": [ 4.5, 4, 7 ],
			"to": [ 5, 4.5, 7.5 ],
			"faces": {
				"down": { "uv": [ 0, 0, 16, 16 ], "texture": "#Voxel-000000" },
				"up": { "uv": [ 0, 0, 16, 16 ], "texture": "#Voxel-000000" },
				"north": { "uv": [ 0, 0, 16, 16 ], "texture": "#Voxel-000000" },
				"south": { "uv": [ 0, 0, 16, 16 ], "texture": "#Voxel-000000" },
				"west": { "uv": [ 0, 0, 16, 16 ], "texture": "#Voxel-000000" },
				"east": { "uv": [ 0, 0, 16, 16 ], "texture": "#Voxel-000000" }
			}
		},
		{
			"__comment": "Voxel-000000",
			"from": [ 4.5, 4, 8 ],
			"to": [ 5, 4.5, 8.5 ],
			"faces": {
				"down": { "uv": [ 0, 0, 16, 16 ], "texture": "#Voxel-000000" },
				"up": { "uv": [ 0, 0, 16, 16 ], "texture": "#Voxel-000000" },
				"north": { "uv": [ 0, 0, 16, 16 ], "texture": "#Voxel-000000" },
				"south": { "uv": [ 0, 0, 16, 16 ], "texture": "#Voxel-000000" },
				"west": { "uv": [ 0, 0, 16, 16 ], "texture": "#Voxel-000000" },
				"east": { "uv": [ 0, 0, 16, 16 ], "texture": "#Voxel-000000" }
			}
		},
		{
			"__comment": "Voxel-000000",
			"from": [ 4.5, 4, 8.5 ],
			"to": [ 5, 4.5, 9 ],
			"faces": {
				"down": { "uv": [ 0, 0, 16, 16 ], "texture": "#Voxel-000000" },
				"up": { "uv": [ 0, 0, 16, 16 ], "texture": "#Voxel-000000" },
				"north": { "uv": [ 0, 0, 16, 16 ], "texture": "#Voxel-000000" },
				"south": { "uv": [ 0, 0, 16, 16 ], "texture": "#Voxel-000000" },
				"west": { "uv": [ 0, 0, 16, 16 ], "texture": "#Voxel-000000" },
				"east": { "uv": [ 0, 0, 16, 16 ], "texture": "#Voxel-000000" }
			}
		},
		{
			"__comment": "Voxel-000000",
			"from": [ 4.5, 4, 10 ],
			"to": [ 5, 4.5, 10.5 ],
			"faces": {
				"down": { "uv": [ 0, 0, 16, 16 ], "texture": "#Voxel-000000" },
				"up": { "uv": [ 0, 0, 16, 16 ], "texture": "#Voxel-000000" },
				"north": { "uv": [ 0, 0, 16, 16 ], "texture": "#Voxel-000000" },
				"south": { "uv": [ 0, 0, 16, 16 ], "texture": "#Voxel-000000" },
				"west": { "uv": [ 0, 0, 16, 16 ], "texture": "#Voxel-000000" },
				"east": { "uv": [ 0, 0, 16, 16 ], "texture": "#Voxel-000000" }
			}
		},
		{
			"__comment": "Voxel-000000",
			"from": [ 4.5, 4.5, 5.5 ],
			"to": [ 5, 5, 6 ],
			"faces": {
				"down": { "uv": [ 0, 0, 16, 16 ], "texture": "#Voxel-000000" },
				"up": { "uv": [ 0, 0, 16, 16 ], "texture": "#Voxel-000000" },
				"north": { "uv": [ 0, 0, 16, 16 ], "texture": "#Voxel-000000" },
				"south": { "uv": [ 0, 0, 16, 16 ], "texture": "#Voxel-000000" },
				"west": { "uv": [ 0, 0, 16, 16 ], "texture": "#Voxel-000000" },
				"east": { "uv": [ 0, 0, 16, 16 ], "texture": "#Voxel-000000" }
			}
		},
		{
			"__comment": "Voxel-000000",
			"from": [ 4.5, 4.5, 7 ],
			"to": [ 5, 5, 7.5 ],
			"faces": {
				"down": { "uv": [ 0, 0, 16, 16 ], "texture": "#Voxel-000000" },
				"up": { "uv": [ 0, 0, 16, 16 ], "texture": "#Voxel-000000" },
				"north": { "uv": [ 0, 0, 16, 16 ], "texture": "#Voxel-000000" },
				"south": { "uv": [ 0, 0, 16, 16 ], "texture": "#Voxel-000000" },
				"west": { "uv": [ 0, 0, 16, 16 ], "texture": "#Voxel-000000" },
				"east": { "uv": [ 0, 0, 16, 16 ], "texture": "#Voxel-000000" }
			}
		},
		{
			"__comment": "Voxel-000000",
			"from": [ 4.5, 4.5, 7.5 ],
			"to": [ 5, 5, 8 ],
			"faces": {
				"down": { "uv": [ 0, 0, 16, 16 ], "texture": "#Voxel-000000" },
				"up": { "uv": [ 0, 0, 16, 16 ], "texture": "#Voxel-000000" },
				"north": { "uv": [ 0, 0, 16, 16 ], "texture": "#Voxel-000000" },
				"south": { "uv": [ 0, 0, 16, 16 ], "texture": "#Voxel-000000" },
				"west": { "uv": [ 0, 0, 16, 16 ], "texture": "#Voxel-000000" },
				"east": { "uv": [ 0, 0, 16, 16 ], "texture": "#Voxel-000000" }
			}
		},
		{
			"__comment": "Voxel-000000",
			"from": [ 4.5, 4.5, 8.5 ],
			"to": [ 5, 5, 9 ],
			"faces": {
				"down": { "uv": [ 0, 0, 16, 16 ], "texture": "#Voxel-000000" },
				"up": { "uv": [ 0, 0, 16, 16 ], "texture": "#Voxel-000000" },
				"north": { "uv": [ 0, 0, 16, 16 ], "texture": "#Voxel-000000" },
				"south": { "uv": [ 0, 0, 16, 16 ], "texture": "#Voxel-000000" },
				"west": { "uv": [ 0, 0, 16, 16 ], "texture": "#Voxel-000000" },
				"east": { "uv": [ 0, 0, 16, 16 ], "texture": "#Voxel-000000" }
			}
		},
		{
			"__comment": "Voxel-000000",
			"from": [ 4.5, 4.5, 10 ],
			"to": [ 5, 5, 10.5 ],
			"faces": {
				"down": { "uv": [ 0, 0, 16, 16 ], "texture": "#Voxel-000000" },
				"up": { "uv": [ 0, 0, 16, 16 ], "texture": "#Voxel-000000" },
				"north": { "uv": [ 0, 0, 16, 16 ], "texture": "#Voxel-000000" },
				"south": { "uv": [ 0, 0, 16, 16 ], "texture": "#Voxel-000000" },
				"west": { "uv": [ 0, 0, 16, 16 ], "texture": "#Voxel-000000" },
				"east": { "uv": [ 0, 0, 16, 16 ], "texture": "#Voxel-000000" }
			}
		},
		{
			"__comment": "Voxel-000000",
			"from": [ 4.5, 5, 5 ],
			"to": [ 5, 5.5, 5.5 ],
			"faces": {
				"down": { "uv": [ 0, 0, 16, 16 ], "texture": "#Voxel-000000" },
				"up": { "uv": [ 0, 0, 16, 16 ], "texture": "#Voxel-000000" },
				"north": { "uv": [ 0, 0, 16, 16 ], "texture": "#Voxel-000000" },
				"south": { "uv": [ 0, 0, 16, 16 ], "texture": "#Voxel-000000" },
				"west": { "uv": [ 0, 0, 16, 16 ], "texture": "#Voxel-000000" },
				"east": { "uv": [ 0, 0, 16, 16 ], "texture": "#Voxel-000000" }
			}
		},
		{
			"__comment": "Voxel-000000",
			"from": [ 4.5, 5, 5.5 ],
			"to": [ 5, 5.5, 6 ],
			"faces": {
				"down": { "uv": [ 0, 0, 16, 16 ], "texture": "#Voxel-000000" },
				"up": { "uv": [ 0, 0, 16, 16 ], "texture": "#Voxel-000000" },
				"north": { "uv": [ 0, 0, 16, 16 ], "texture": "#Voxel-000000" },
				"south": { "uv": [ 0, 0, 16, 16 ], "texture": "#Voxel-000000" },
				"west": { "uv": [ 0, 0, 16, 16 ], "texture": "#Voxel-000000" },
				"east": { "uv": [ 0, 0, 16, 16 ], "texture": "#Voxel-000000" }
			}
		},
		{
			"__comment": "Voxel-000000",
			"from": [ 4.5, 5, 6 ],
			"to": [ 5, 5.5, 6.5 ],
			"faces": {
				"down": { "uv": [ 0, 0, 16, 16 ], "texture": "#Voxel-000000" },
				"up": { "uv": [ 0, 0, 16, 16 ], "texture": "#Voxel-000000" },
				"north": { "uv": [ 0, 0, 16, 16 ], "texture": "#Voxel-000000" },
				"south": { "uv": [ 0, 0, 16, 16 ], "texture": "#Voxel-000000" },
				"west": { "uv": [ 0, 0, 16, 16 ], "texture": "#Voxel-000000" },
				"east": { "uv": [ 0, 0, 16, 16 ], "texture": "#Voxel-000000" }
			}
		},
		{
			"__comment": "Voxel-000000",
			"from": [ 4.5, 5, 7 ],
			"to": [ 5, 5.5, 7.5 ],
			"faces": {
				"down": { "uv": [ 0, 0, 16, 16 ], "texture": "#Voxel-000000" },
				"up": { "uv": [ 0, 0, 16, 16 ], "texture": "#Voxel-000000" },
				"north": { "uv": [ 0, 0, 16, 16 ], "texture": "#Voxel-000000" },
				"south": { "uv": [ 0, 0, 16, 16 ], "texture": "#Voxel-000000" },
				"west": { "uv": [ 0, 0, 16, 16 ], "texture": "#Voxel-000000" },
				"east": { "uv": [ 0, 0, 16, 16 ], "texture": "#Voxel-000000" }
			}
		},
		{
			"__comment": "Voxel-000000",
			"from": [ 4.5, 5, 8.5 ],
			"to": [ 5, 5.5, 9 ],
			"faces": {
				"down": { "uv": [ 0, 0, 16, 16 ], "texture": "#Voxel-000000" },
				"up": { "uv": [ 0, 0, 16, 16 ], "texture": "#Voxel-000000" },
				"north": { "uv": [ 0, 0, 16, 16 ], "texture": "#Voxel-000000" },
				"south": { "uv": [ 0, 0, 16, 16 ], "texture": "#Voxel-000000" },
				"west": { "uv": [ 0, 0, 16, 16 ], "texture": "#Voxel-000000" },
				"east": { "uv": [ 0, 0, 16, 16 ], "texture": "#Voxel-000000" }
			}
		},
		{
			"__comment": "Voxel-000000",
			"from": [ 4.5, 5, 9.5 ],
			"to": [ 5, 5.5, 10 ],
			"faces": {
				"down": { "uv": [ 0, 0, 16, 16 ], "texture": "#Voxel-000000" },
				"up": { "uv": [ 0, 0, 16, 16 ], "texture": "#Voxel-000000" },
				"north": { "uv": [ 0, 0, 16, 16 ], "texture": "#Voxel-000000" },
				"south": { "uv": [ 0, 0, 16, 16 ], "texture": "#Voxel-000000" },
				"west": { "uv": [ 0, 0, 16, 16 ], "texture": "#Voxel-000000" },
				"east": { "uv": [ 0, 0, 16, 16 ], "texture": "#Voxel-000000" }
			}
		},
		{
			"__comment": "Voxel-000000",
			"from": [ 4.5, 5, 10 ],
			"to": [ 5, 5.5, 10.5 ],
			"faces": {
				"down": { "uv": [ 0, 0, 16, 16 ], "texture": "#Voxel-000000" },
				"up": { "uv": [ 0, 0, 16, 16 ], "texture": "#Voxel-000000" },
				"north": { "uv": [ 0, 0, 16, 16 ], "texture": "#Voxel-000000" },
				"south": { "uv": [ 0, 0, 16, 16 ], "texture": "#Voxel-000000" },
				"west": { "uv": [ 0, 0, 16, 16 ], "texture": "#Voxel-000000" },
				"east": { "uv": [ 0, 0, 16, 16 ], "texture": "#Voxel-000000" }
			}
		},
		{
			"__comment": "Voxel-000000",
			"from": [ 4.5, 5, 10.5 ],
			"to": [ 5, 5.5, 11 ],
			"faces": {
				"down": { "uv": [ 0, 0, 16, 16 ], "texture": "#Voxel-000000" },
				"up": { "uv": [ 0, 0, 16, 16 ], "texture": "#Voxel-000000" },
				"north": { "uv": [ 0, 0, 16, 16 ], "texture": "#Voxel-000000" },
				"south": { "uv": [ 0, 0, 16, 16 ], "texture": "#Voxel-000000" },
				"west": { "uv": [ 0, 0, 16, 16 ], "texture": "#Voxel-000000" },
				"east": { "uv": [ 0, 0, 16, 16 ], "texture": "#Voxel-000000" }
			}
		},
		{
			"__comment": "Voxel-000000",
			"from": [ 5, 9, 7.5 ],
			"to": [ 5.5, 9.5, 8 ],
			"faces": {
				"down": { "uv": [ 0, 0, 16, 16 ], "texture": "#Voxel-000000" },
				"up": { "uv": [ 0, 0, 16, 16 ], "texture": "#Voxel-000000" },
				"north": { "uv": [ 0, 0, 16, 16 ], "texture": "#Voxel-000000" },
				"south": { "uv": [ 0, 0, 16, 16 ], "texture": "#Voxel-000000" },
				"west": { "uv": [ 0, 0, 16, 16 ], "texture": "#Voxel-000000" },
				"east": { "uv": [ 0, 0, 16, 16 ], "texture": "#Voxel-000000" }
			}
		},
		{
			"__comment": "Voxel-000000",
			"from": [ 5, 9, 8 ],
			"to": [ 5.5, 9.5, 8.5 ],
			"faces": {
				"down": { "uv": [ 0, 0, 16, 16 ], "texture": "#Voxel-000000" },
				"up": { "uv": [ 0, 0, 16, 16 ], "texture": "#Voxel-000000" },
				"north": { "uv": [ 0, 0, 16, 16 ], "texture": "#Voxel-000000" },
				"south": { "uv": [ 0, 0, 16, 16 ], "texture": "#Voxel-000000" },
				"west": { "uv": [ 0, 0, 16, 16 ], "texture": "#Voxel-000000" },
				"east": { "uv": [ 0, 0, 16, 16 ], "texture": "#Voxel-000000" }
			}
		},
		{
			"__comment": "Voxel-000000",
			"from": [ 5, 9, 8.5 ],
			"to": [ 5.5, 9.5, 9 ],
			"faces": {
				"down": { "uv": [ 0, 0, 16, 16 ], "texture": "#Voxel-000000" },
				"up": { "uv": [ 0, 0, 16, 16 ], "texture": "#Voxel-000000" },
				"north": { "uv": [ 0, 0, 16, 16 ], "texture": "#Voxel-000000" },
				"south": { "uv": [ 0, 0, 16, 16 ], "texture": "#Voxel-000000" },
				"west": { "uv": [ 0, 0, 16, 16 ], "texture": "#Voxel-000000" },
				"east": { "uv": [ 0, 0, 16, 16 ], "texture": "#Voxel-000000" }
			}
		},
		{
			"__comment": "Voxel-000000",
			"from": [ 5.5, 9, 6.5 ],
			"to": [ 6, 9.5, 7 ],
			"faces": {
				"down": { "uv": [ 0, 0, 16, 16 ], "texture": "#Voxel-000000" },
				"up": { "uv": [ 0, 0, 16, 16 ], "texture": "#Voxel-000000" },
				"north": { "uv": [ 0, 0, 16, 16 ], "texture": "#Voxel-000000" },
				"south": { "uv": [ 0, 0, 16, 16 ], "texture": "#Voxel-000000" },
				"west": { "uv": [ 0, 0, 16, 16 ], "texture": "#Voxel-000000" },
				"east": { "uv": [ 0, 0, 16, 16 ], "texture": "#Voxel-000000" }
			}
		},
		{
			"__comment": "Voxel-000000",
			"from": [ 5.5, 9, 7 ],
			"to": [ 6, 9.5, 7.5 ],
			"faces": {
				"down": { "uv": [ 0, 0, 16, 16 ], "texture": "#Voxel-000000" },
				"up": { "uv": [ 0, 0, 16, 16 ], "texture": "#Voxel-000000" },
				"north": { "uv": [ 0, 0, 16, 16 ], "texture": "#Voxel-000000" },
				"south": { "uv": [ 0, 0, 16, 16 ], "texture": "#Voxel-000000" },
				"west": { "uv": [ 0, 0, 16, 16 ], "texture": "#Voxel-000000" },
				"east": { "uv": [ 0, 0, 16, 16 ], "texture": "#Voxel-000000" }
			}
		},
		{
			"__comment": "Voxel-000000",
			"from": [ 5.5, 9, 9 ],
			"to": [ 6, 9.5, 9.5 ],
			"faces": {
				"down": { "uv": [ 0, 0, 16, 16 ], "texture": "#Voxel-000000" },
				"up": { "uv": [ 0, 0, 16, 16 ], "texture": "#Voxel-000000" },
				"north": { "uv": [ 0, 0, 16, 16 ], "texture": "#Voxel-000000" },
				"south": { "uv": [ 0, 0, 16, 16 ], "texture": "#Voxel-000000" },
				"west": { "uv": [ 0, 0, 16, 16 ], "texture": "#Voxel-000000" },
				"east": { "uv": [ 0, 0, 16, 16 ], "texture": "#Voxel-000000" }
			}
		},
		{
			"__comment": "Voxel-000000",
			"from": [ 6, 5, 3.5 ],
			"to": [ 6.5, 5.5, 4 ],
			"faces": {
				"down": { "uv": [ 0, 0, 16, 16 ], "texture": "#Voxel-000000" },
				"up": { "uv": [ 0, 0, 16, 16 ], "texture": "#Voxel-000000" },
				"north": { "uv": [ 0, 0, 16, 16 ], "texture": "#Voxel-000000" },
				"south": { "uv": [ 0, 0, 16, 16 ], "texture": "#Voxel-000000" },
				"west": { "uv": [ 0, 0, 16, 16 ], "texture": "#Voxel-000000" },
				"east": { "uv": [ 0, 0, 16, 16 ], "texture": "#Voxel-000000" }
			}
		},
		{
			"__comment": "Voxel-000000",
			"from": [ 6, 5, 12 ],
			"to": [ 6.5, 5.5, 12.5 ],
			"faces": {
				"down": { "uv": [ 0, 0, 16, 16 ], "texture": "#Voxel-000000" },
				"up": { "uv": [ 0, 0, 16, 16 ], "texture": "#Voxel-000000" },
				"north": { "uv": [ 0, 0, 16, 16 ], "texture": "#Voxel-000000" },
				"south": { "uv": [ 0, 0, 16, 16 ], "texture": "#Voxel-000000" },
				"west": { "uv": [ 0, 0, 16, 16 ], "texture": "#Voxel-000000" },
				"east": { "uv": [ 0, 0, 16, 16 ], "texture": "#Voxel-000000" }
			}
		},
		{
			"__comment": "Voxel-000000",
			"from": [ 6, 8.5, 6 ],
			"to": [ 6.5, 9, 6.5 ],
			"faces": {
				"down": { "uv": [ 0, 0, 16, 16 ], "texture": "#Voxel-000000" },
				"up": { "uv": [ 0, 0, 16, 16 ], "texture": "#Voxel-000000" },
				"north": { "uv": [ 0, 0, 16, 16 ], "texture": "#Voxel-000000" },
				"south": { "uv": [ 0, 0, 16, 16 ], "texture": "#Voxel-000000" },
				"west": { "uv": [ 0, 0, 16, 16 ], "texture": "#Voxel-000000" },
				"east": { "uv": [ 0, 0, 16, 16 ], "texture": "#Voxel-000000" }
			}
		},
		{
			"__comment": "Voxel-000000",
			"from": [ 6, 8.5, 9.5 ],
			"to": [ 6.5, 9, 10 ],
			"faces": {
				"down": { "uv": [ 0, 0, 16, 16 ], "texture": "#Voxel-000000" },
				"up": { "uv": [ 0, 0, 16, 16 ], "texture": "#Voxel-000000" },
				"north": { "uv": [ 0, 0, 16, 16 ], "texture": "#Voxel-000000" },
				"south": { "uv": [ 0, 0, 16, 16 ], "texture": "#Voxel-000000" },
				"west": { "uv": [ 0, 0, 16, 16 ], "texture": "#Voxel-000000" },
				"east": { "uv": [ 0, 0, 16, 16 ], "texture": "#Voxel-000000" }
			}
		},
		{
			"__comment": "Voxel-000000",
			"from": [ 6.5, 3.5, 3.5 ],
			"to": [ 7, 4, 4 ],
			"faces": {
				"down": { "uv": [ 0, 0, 16, 16 ], "texture": "#Voxel-000000" },
				"up": { "uv": [ 0, 0, 16, 16 ], "texture": "#Voxel-000000" },
				"north": { "uv": [ 0, 0, 16, 16 ], "texture": "#Voxel-000000" },
				"south": { "uv": [ 0, 0, 16, 16 ], "texture": "#Voxel-000000" },
				"west": { "uv": [ 0, 0, 16, 16 ], "texture": "#Voxel-000000" },
				"east": { "uv": [ 0, 0, 16, 16 ], "texture": "#Voxel-000000" }
			}
		},
		{
			"__comment": "Voxel-000000",
			"from": [ 6.5, 3.5, 12 ],
			"to": [ 7, 4, 12.5 ],
			"faces": {
				"down": { "uv": [ 0, 0, 16, 16 ], "texture": "#Voxel-000000" },
				"up": { "uv": [ 0, 0, 16, 16 ], "texture": "#Voxel-000000" },
				"north": { "uv": [ 0, 0, 16, 16 ], "texture": "#Voxel-000000" },
				"south": { "uv": [ 0, 0, 16, 16 ], "texture": "#Voxel-000000" },
				"west": { "uv": [ 0, 0, 16, 16 ], "texture": "#Voxel-000000" },
				"east": { "uv": [ 0, 0, 16, 16 ], "texture": "#Voxel-000000" }
			}
		},
		{
			"__comment": "Voxel-000000",
			"from": [ 6.5, 4, 3.5 ],
			"to": [ 7, 4.5, 4 ],
			"faces": {
				"down": { "uv": [ 0, 0, 16, 16 ], "texture": "#Voxel-000000" },
				"up": { "uv": [ 0, 0, 16, 16 ], "texture": "#Voxel-000000" },
				"north": { "uv": [ 0, 0, 16, 16 ], "texture": "#Voxel-000000" },
				"south": { "uv": [ 0, 0, 16, 16 ], "texture": "#Voxel-000000" },
				"west": { "uv": [ 0, 0, 16, 16 ], "texture": "#Voxel-000000" },
				"east": { "uv": [ 0, 0, 16, 16 ], "texture": "#Voxel-000000" }
			}
		},
		{
			"__comment": "Voxel-000000",
			"from": [ 6.5, 4, 12 ],
			"to": [ 7, 4.5, 12.5 ],
			"faces": {
				"down": { "uv": [ 0, 0, 16, 16 ], "texture": "#Voxel-000000" },
				"up": { "uv": [ 0, 0, 16, 16 ], "texture": "#Voxel-000000" },
				"north": { "uv": [ 0, 0, 16, 16 ], "texture": "#Voxel-000000" },
				"south": { "uv": [ 0, 0, 16, 16 ], "texture": "#Voxel-000000" },
				"west": { "uv": [ 0, 0, 16, 16 ], "texture": "#Voxel-000000" },
				"east": { "uv": [ 0, 0, 16, 16 ], "texture": "#Voxel-000000" }
			}
		},
		{
			"__comment": "Voxel-000000",
			"from": [ 6.5, 4.5, 3.5 ],
			"to": [ 7, 5, 4 ],
			"faces": {
				"down": { "uv": [ 0, 0, 16, 16 ], "texture": "#Voxel-000000" },
				"up": { "uv": [ 0, 0, 16, 16 ], "texture": "#Voxel-000000" },
				"north": { "uv": [ 0, 0, 16, 16 ], "texture": "#Voxel-000000" },
				"south": { "uv": [ 0, 0, 16, 16 ], "texture": "#Voxel-000000" },
				"west": { "uv": [ 0, 0, 16, 16 ], "texture": "#Voxel-000000" },
				"east": { "uv": [ 0, 0, 16, 16 ], "texture": "#Voxel-000000" }
			}
		},
		{
			"__comment": "Voxel-000000",
			"from": [ 6.5, 4.5, 12 ],
			"to": [ 7, 5, 12.5 ],
			"faces": {
				"down": { "uv": [ 0, 0, 16, 16 ], "texture": "#Voxel-000000" },
				"up": { "uv": [ 0, 0, 16, 16 ], "texture": "#Voxel-000000" },
				"north": { "uv": [ 0, 0, 16, 16 ], "texture": "#Voxel-000000" },
				"south": { "uv": [ 0, 0, 16, 16 ], "texture": "#Voxel-000000" },
				"west": { "uv": [ 0, 0, 16, 16 ], "texture": "#Voxel-000000" },
				"east": { "uv": [ 0, 0, 16, 16 ], "texture": "#Voxel-000000" }
			}
		},
		{
			"__comment": "Voxel-000000",
			"from": [ 6.5, 5, 3.5 ],
			"to": [ 7, 5.5, 4 ],
			"faces": {
				"down": { "uv": [ 0, 0, 16, 16 ], "texture": "#Voxel-000000" },
				"up": { "uv": [ 0, 0, 16, 16 ], "texture": "#Voxel-000000" },
				"north": { "uv": [ 0, 0, 16, 16 ], "texture": "#Voxel-000000" },
				"south": { "uv": [ 0, 0, 16, 16 ], "texture": "#Voxel-000000" },
				"west": { "uv": [ 0, 0, 16, 16 ], "texture": "#Voxel-000000" },
				"east": { "uv": [ 0, 0, 16, 16 ], "texture": "#Voxel-000000" }
			}
		},
		{
			"__comment": "Voxel-000000",
			"from": [ 6.5, 5, 12 ],
			"to": [ 7, 5.5, 12.5 ],
			"faces": {
				"down": { "uv": [ 0, 0, 16, 16 ], "texture": "#Voxel-000000" },
				"up": { "uv": [ 0, 0, 16, 16 ], "texture": "#Voxel-000000" },
				"north": { "uv": [ 0, 0, 16, 16 ], "texture": "#Voxel-000000" },
				"south": { "uv": [ 0, 0, 16, 16 ], "texture": "#Voxel-000000" },
				"west": { "uv": [ 0, 0, 16, 16 ], "texture": "#Voxel-000000" },
				"east": { "uv": [ 0, 0, 16, 16 ], "texture": "#Voxel-000000" }
			}
		},
		{
			"__comment": "Voxel-000000",
			"from": [ 6.5, 8.5, 5.5 ],
			"to": [ 7, 9, 6 ],
			"faces": {
				"down": { "uv": [ 0, 0, 16, 16 ], "texture": "#Voxel-000000" },
				"up": { "uv": [ 0, 0, 16, 16 ], "texture": "#Voxel-000000" },
				"north": { "uv": [ 0, 0, 16, 16 ], "texture": "#Voxel-000000" },
				"south": { "uv": [ 0, 0, 16, 16 ], "texture": "#Voxel-000000" },
				"west": { "uv": [ 0, 0, 16, 16 ], "texture": "#Voxel-000000" },
				"east": { "uv": [ 0, 0, 16, 16 ], "texture": "#Voxel-000000" }
			}
		},
		{
			"__comment": "Voxel-000000",
			"from": [ 6.5, 8.5, 10 ],
			"to": [ 7, 9, 10.5 ],
			"faces": {
				"down": { "uv": [ 0, 0, 16, 16 ], "texture": "#Voxel-000000" },
				"up": { "uv": [ 0, 0, 16, 16 ], "texture": "#Voxel-000000" },
				"north": { "uv": [ 0, 0, 16, 16 ], "texture": "#Voxel-000000" },
				"south": { "uv": [ 0, 0, 16, 16 ], "texture": "#Voxel-000000" },
				"west": { "uv": [ 0, 0, 16, 16 ], "texture": "#Voxel-000000" },
				"east": { "uv": [ 0, 0, 16, 16 ], "texture": "#Voxel-000000" }
			}
		},
		{
			"__comment": "Voxel-000000",
			"from": [ 7, 5, 3.5 ],
			"to": [ 7.5, 5.5, 4 ],
			"faces": {
				"down": { "uv": [ 0, 0, 16, 16 ], "texture": "#Voxel-000000" },
				"up": { "uv": [ 0, 0, 16, 16 ], "texture": "#Voxel-000000" },
				"north": { "uv": [ 0, 0, 16, 16 ], "texture": "#Voxel-000000" },
				"south": { "uv": [ 0, 0, 16, 16 ], "texture": "#Voxel-000000" },
				"west": { "uv": [ 0, 0, 16, 16 ], "texture": "#Voxel-000000" },
				"east": { "uv": [ 0, 0, 16, 16 ], "texture": "#Voxel-000000" }
			}
		},
		{
			"__comment": "Voxel-000000",
			"from": [ 7, 5, 12 ],
			"to": [ 7.5, 5.5, 12.5 ],
			"faces": {
				"down": { "uv": [ 0, 0, 16, 16 ], "texture": "#Voxel-000000" },
				"up": { "uv": [ 0, 0, 16, 16 ], "texture": "#Voxel-000000" },
				"north": { "uv": [ 0, 0, 16, 16 ], "texture": "#Voxel-000000" },
				"south": { "uv": [ 0, 0, 16, 16 ], "texture": "#Voxel-000000" },
				"west": { "uv": [ 0, 0, 16, 16 ], "texture": "#Voxel-000000" },
				"east": { "uv": [ 0, 0, 16, 16 ], "texture": "#Voxel-000000" }
			}
		},
		{
			"__comment": "Voxel-000000",
			"from": [ 7, 8.5, 10 ],
			"to": [ 7.5, 9, 10.5 ],
			"faces": {
				"down": { "uv": [ 0, 0, 16, 16 ], "texture": "#Voxel-000000" },
				"up": { "uv": [ 0, 0, 16, 16 ], "texture": "#Voxel-000000" },
				"north": { "uv": [ 0, 0, 16, 16 ], "texture": "#Voxel-000000" },
				"south": { "uv": [ 0, 0, 16, 16 ], "texture": "#Voxel-000000" },
				"west": { "uv": [ 0, 0, 16, 16 ], "texture": "#Voxel-000000" },
				"east": { "uv": [ 0, 0, 16, 16 ], "texture": "#Voxel-000000" }
			}
		},
		{
			"__comment": "Voxel-000000",
			"from": [ 7, 9, 5.5 ],
			"to": [ 7.5, 9.5, 6 ],
			"faces": {
				"down": { "uv": [ 0, 0, 16, 16 ], "texture": "#Voxel-000000" },
				"up": { "uv": [ 0, 0, 16, 16 ], "texture": "#Voxel-000000" },
				"north": { "uv": [ 0, 0, 16, 16 ], "texture": "#Voxel-000000" },
				"south": { "uv": [ 0, 0, 16, 16 ], "texture": "#Voxel-000000" },
				"west": { "uv": [ 0, 0, 16, 16 ], "texture": "#Voxel-000000" },
				"east": { "uv": [ 0, 0, 16, 16 ], "texture": "#Voxel-000000" }
			}
		},
		{
			"__comment": "Voxel-000000",
			"from": [ 7.5, 8.5, 9 ],
			"to": [ 8, 9, 9.5 ],
			"faces": {
				"down": { "uv": [ 0, 0, 16, 16 ], "texture": "#Voxel-000000" },
				"up": { "uv": [ 0, 0, 16, 16 ], "texture": "#Voxel-000000" },
				"north": { "uv": [ 0, 0, 16, 16 ], "texture": "#Voxel-000000" },
				"south": { "uv": [ 0, 0, 16, 16 ], "texture": "#Voxel-000000" },
				"west": { "uv": [ 0, 0, 16, 16 ], "texture": "#Voxel-000000" },
				"east": { "uv": [ 0, 0, 16, 16 ], "texture": "#Voxel-000000" }
			}
		},
		{
			"__comment": "Voxel-000000",
			"from": [ 7.5, 8.5, 9.5 ],
			"to": [ 8, 9, 10 ],
			"faces": {
				"down": { "uv": [ 0, 0, 16, 16 ], "texture": "#Voxel-000000" },
				"up": { "uv": [ 0, 0, 16, 16 ], "texture": "#Voxel-000000" },
				"north": { "uv": [ 0, 0, 16, 16 ], "texture": "#Voxel-000000" },
				"south": { "uv": [ 0, 0, 16, 16 ], "texture": "#Voxel-000000" },
				"west": { "uv": [ 0, 0, 16, 16 ], "texture": "#Voxel-000000" },
				"east": { "uv": [ 0, 0, 16, 16 ], "texture": "#Voxel-000000" }
			}
		},
		{
			"__comment": "Voxel-000000",
			"from": [ 7.5, 9.5, 5.5 ],
			"to": [ 8, 10, 6 ],
			"faces": {
				"down": { "uv": [ 0, 0, 16, 16 ], "texture": "#Voxel-000000" },
				"up": { "uv": [ 0, 0, 16, 16 ], "texture": "#Voxel-000000" },
				"north": { "uv": [ 0, 0, 16, 16 ], "texture": "#Voxel-000000" },
				"south": { "uv": [ 0, 0, 16, 16 ], "texture": "#Voxel-000000" },
				"west": { "uv": [ 0, 0, 16, 16 ], "texture": "#Voxel-000000" },
				"east": { "uv": [ 0, 0, 16, 16 ], "texture": "#Voxel-000000" }
			}
		},
		{
			"__comment": "Voxel-000000",
			"from": [ 8, 3.5, 3.5 ],
			"to": [ 8.5, 4, 4 ],
			"faces": {
				"down": { "uv": [ 0, 0, 16, 16 ], "texture": "#Voxel-000000" },
				"up": { "uv": [ 0, 0, 16, 16 ], "texture": "#Voxel-000000" },
				"north": { "uv": [ 0, 0, 16, 16 ], "texture": "#Voxel-000000" },
				"south": { "uv": [ 0, 0, 16, 16 ], "texture": "#Voxel-000000" },
				"west": { "uv": [ 0, 0, 16, 16 ], "texture": "#Voxel-000000" },
				"east": { "uv": [ 0, 0, 16, 16 ], "texture": "#Voxel-000000" }
			}
		},
		{
			"__comment": "Voxel-000000",
			"from": [ 8, 3.5, 12 ],
			"to": [ 8.5, 4, 12.5 ],
			"faces": {
				"down": { "uv": [ 0, 0, 16, 16 ], "texture": "#Voxel-000000" },
				"up": { "uv": [ 0, 0, 16, 16 ], "texture": "#Voxel-000000" },
				"north": { "uv": [ 0, 0, 16, 16 ], "texture": "#Voxel-000000" },
				"south": { "uv": [ 0, 0, 16, 16 ], "texture": "#Voxel-000000" },
				"west": { "uv": [ 0, 0, 16, 16 ], "texture": "#Voxel-000000" },
				"east": { "uv": [ 0, 0, 16, 16 ], "texture": "#Voxel-000000" }
			}
		},
		{
			"__comment": "Voxel-000000",
			"from": [ 8, 4, 3.5 ],
			"to": [ 8.5, 4.5, 4 ],
			"faces": {
				"down": { "uv": [ 0, 0, 16, 16 ], "texture": "#Voxel-000000" },
				"up": { "uv": [ 0, 0, 16, 16 ], "texture": "#Voxel-000000" },
				"north": { "uv": [ 0, 0, 16, 16 ], "texture": "#Voxel-000000" },
				"south": { "uv": [ 0, 0, 16, 16 ], "texture": "#Voxel-000000" },
				"west": { "uv": [ 0, 0, 16, 16 ], "texture": "#Voxel-000000" },
				"east": { "uv": [ 0, 0, 16, 16 ], "texture": "#Voxel-000000" }
			}
		},
		{
			"__comment": "Voxel-000000",
			"from": [ 8, 4, 12 ],
			"to": [ 8.5, 4.5, 12.5 ],
			"faces": {
				"down": { "uv": [ 0, 0, 16, 16 ], "texture": "#Voxel-000000" },
				"up": { "uv": [ 0, 0, 16, 16 ], "texture": "#Voxel-000000" },
				"north": { "uv": [ 0, 0, 16, 16 ], "texture": "#Voxel-000000" },
				"south": { "uv": [ 0, 0, 16, 16 ], "texture": "#Voxel-000000" },
				"west": { "uv": [ 0, 0, 16, 16 ], "texture": "#Voxel-000000" },
				"east": { "uv": [ 0, 0, 16, 16 ], "texture": "#Voxel-000000" }
			}
		},
		{
			"__comment": "Voxel-000000",
			"from": [ 8, 4.5, 3.5 ],
			"to": [ 8.5, 5, 4 ],
			"faces": {
				"down": { "uv": [ 0, 0, 16, 16 ], "texture": "#Voxel-000000" },
				"up": { "uv": [ 0, 0, 16, 16 ], "texture": "#Voxel-000000" },
				"north": { "uv": [ 0, 0, 16, 16 ], "texture": "#Voxel-000000" },
				"south": { "uv": [ 0, 0, 16, 16 ], "texture": "#Voxel-000000" },
				"west": { "uv": [ 0, 0, 16, 16 ], "texture": "#Voxel-000000" },
				"east": { "uv": [ 0, 0, 16, 16 ], "texture": "#Voxel-000000" }
			}
		},
		{
			"__comment": "Voxel-000000",
			"from": [ 8, 4.5, 12 ],
			"to": [ 8.5, 5, 12.5 ],
			"faces": {
				"down": { "uv": [ 0, 0, 16, 16 ], "texture": "#Voxel-000000" },
				"up": { "uv": [ 0, 0, 16, 16 ], "texture": "#Voxel-000000" },
				"north": { "uv": [ 0, 0, 16, 16 ], "texture": "#Voxel-000000" },
				"south": { "uv": [ 0, 0, 16, 16 ], "texture": "#Voxel-000000" },
				"west": { "uv": [ 0, 0, 16, 16 ], "texture": "#Voxel-000000" },
				"east": { "uv": [ 0, 0, 16, 16 ], "texture": "#Voxel-000000" }
			}
		},
		{
			"__comment": "Voxel-000000",
			"from": [ 8, 5, 3.5 ],
			"to": [ 8.5, 5.5, 4 ],
			"faces": {
				"down": { "uv": [ 0, 0, 16, 16 ], "texture": "#Voxel-000000" },
				"up": { "uv": [ 0, 0, 16, 16 ], "texture": "#Voxel-000000" },
				"north": { "uv": [ 0, 0, 16, 16 ], "texture": "#Voxel-000000" },
				"south": { "uv": [ 0, 0, 16, 16 ], "texture": "#Voxel-000000" },
				"west": { "uv": [ 0, 0, 16, 16 ], "texture": "#Voxel-000000" },
				"east": { "uv": [ 0, 0, 16, 16 ], "texture": "#Voxel-000000" }
			}
		},
		{
			"__comment": "Voxel-000000",
			"from": [ 8, 5, 12 ],
			"to": [ 8.5, 5.5, 12.5 ],
			"faces": {
				"down": { "uv": [ 0, 0, 16, 16 ], "texture": "#Voxel-000000" },
				"up": { "uv": [ 0, 0, 16, 16 ], "texture": "#Voxel-000000" },
				"north": { "uv": [ 0, 0, 16, 16 ], "texture": "#Voxel-000000" },
				"south": { "uv": [ 0, 0, 16, 16 ], "texture": "#Voxel-000000" },
				"west": { "uv": [ 0, 0, 16, 16 ], "texture": "#Voxel-000000" },
				"east": { "uv": [ 0, 0, 16, 16 ], "texture": "#Voxel-000000" }
			}
		},
		{
			"__comment": "Voxel-000000",
			"from": [ 8, 8.5, 6.5 ],
			"to": [ 8.5, 9, 7 ],
			"faces": {
				"down": { "uv": [ 0, 0, 16, 16 ], "texture": "#Voxel-000000" },
				"up": { "uv": [ 0, 0, 16, 16 ], "texture": "#Voxel-000000" },
				"north": { "uv": [ 0, 0, 16, 16 ], "texture": "#Voxel-000000" },
				"south": { "uv": [ 0, 0, 16, 16 ], "texture": "#Voxel-000000" },
				"west": { "uv": [ 0, 0, 16, 16 ], "texture": "#Voxel-000000" },
				"east": { "uv": [ 0, 0, 16, 16 ], "texture": "#Voxel-000000" }
			}
		},
		{
			"__comment": "Voxel-000000",
			"from": [ 8, 8.5, 7.5 ],
			"to": [ 8.5, 9, 8 ],
			"faces": {
				"down": { "uv": [ 0, 0, 16, 16 ], "texture": "#Voxel-000000" },
				"up": { "uv": [ 0, 0, 16, 16 ], "texture": "#Voxel-000000" },
				"north": { "uv": [ 0, 0, 16, 16 ], "texture": "#Voxel-000000" },
				"south": { "uv": [ 0, 0, 16, 16 ], "texture": "#Voxel-000000" },
				"west": { "uv": [ 0, 0, 16, 16 ], "texture": "#Voxel-000000" },
				"east": { "uv": [ 0, 0, 16, 16 ], "texture": "#Voxel-000000" }
			}
		},
		{
			"__comment": "Voxel-000000",
			"from": [ 8, 8.5, 8.5 ],
			"to": [ 8.5, 9, 9 ],
			"faces": {
				"down": { "uv": [ 0, 0, 16, 16 ], "texture": "#Voxel-000000" },
				"up": { "uv": [ 0, 0, 16, 16 ], "texture": "#Voxel-000000" },
				"north": { "uv": [ 0, 0, 16, 16 ], "texture": "#Voxel-000000" },
				"south": { "uv": [ 0, 0, 16, 16 ], "texture": "#Voxel-000000" },
				"west": { "uv": [ 0, 0, 16, 16 ], "texture": "#Voxel-000000" },
				"east": { "uv": [ 0, 0, 16, 16 ], "texture": "#Voxel-000000" }
			}
		},
		{
			"__comment": "Voxel-000000",
			"from": [ 8, 9.5, 6 ],
			"to": [ 8.5, 10, 6.5 ],
			"faces": {
				"down": { "uv": [ 0, 0, 16, 16 ], "texture": "#Voxel-000000" },
				"up": { "uv": [ 0, 0, 16, 16 ], "texture": "#Voxel-000000" },
				"north": { "uv": [ 0, 0, 16, 16 ], "texture": "#Voxel-000000" },
				"south": { "uv": [ 0, 0, 16, 16 ], "texture": "#Voxel-000000" },
				"west": { "uv": [ 0, 0, 16, 16 ], "texture": "#Voxel-000000" },
				"east": { "uv": [ 0, 0, 16, 16 ], "texture": "#Voxel-000000" }
			}
		},
		{
			"__comment": "Voxel-000000",
			"from": [ 8.5, 4, 3.5 ],
			"to": [ 9, 4.5, 4 ],
			"faces": {
				"down": { "uv": [ 0, 0, 16, 16 ], "texture": "#Voxel-000000" },
				"up": { "uv": [ 0, 0, 16, 16 ], "texture": "#Voxel-000000" },
				"north": { "uv": [ 0, 0, 16, 16 ], "texture": "#Voxel-000000" },
				"south": { "uv": [ 0, 0, 16, 16 ], "texture": "#Voxel-000000" },
				"west": { "uv": [ 0, 0, 16, 16 ], "texture": "#Voxel-000000" },
				"east": { "uv": [ 0, 0, 16, 16 ], "texture": "#Voxel-000000" }
			}
		},
		{
			"__comment": "Voxel-000000",
			"from": [ 8.5, 4.5, 12 ],
			"to": [ 9, 5, 12.5 ],
			"faces": {
				"down": { "uv": [ 0, 0, 16, 16 ], "texture": "#Voxel-000000" },
				"up": { "uv": [ 0, 0, 16, 16 ], "texture": "#Voxel-000000" },
				"north": { "uv": [ 0, 0, 16, 16 ], "texture": "#Voxel-000000" },
				"south": { "uv": [ 0, 0, 16, 16 ], "texture": "#Voxel-000000" },
				"west": { "uv": [ 0, 0, 16, 16 ], "texture": "#Voxel-000000" },
				"east": { "uv": [ 0, 0, 16, 16 ], "texture": "#Voxel-000000" }
			}
		},
		{
			"__comment": "Voxel-000000",
			"from": [ 8.5, 8.5, 7 ],
			"to": [ 9, 9, 7.5 ],
			"faces": {
				"down": { "uv": [ 0, 0, 16, 16 ], "texture": "#Voxel-000000" },
				"up": { "uv": [ 0, 0, 16, 16 ], "texture": "#Voxel-000000" },
				"north": { "uv": [ 0, 0, 16, 16 ], "texture": "#Voxel-000000" },
				"south": { "uv": [ 0, 0, 16, 16 ], "texture": "#Voxel-000000" },
				"west": { "uv": [ 0, 0, 16, 16 ], "texture": "#Voxel-000000" },
				"east": { "uv": [ 0, 0, 16, 16 ], "texture": "#Voxel-000000" }
			}
		},
		{
			"__comment": "Voxel-000000",
			"from": [ 8.5, 8.5, 7.5 ],
			"to": [ 9, 9, 8 ],
			"faces": {
				"down": { "uv": [ 0, 0, 16, 16 ], "texture": "#Voxel-000000" },
				"up": { "uv": [ 0, 0, 16, 16 ], "texture": "#Voxel-000000" },
				"north": { "uv": [ 0, 0, 16, 16 ], "texture": "#Voxel-000000" },
				"south": { "uv": [ 0, 0, 16, 16 ], "texture": "#Voxel-000000" },
				"west": { "uv": [ 0, 0, 16, 16 ], "texture": "#Voxel-000000" },
				"east": { "uv": [ 0, 0, 16, 16 ], "texture": "#Voxel-000000" }
			}
		},
		{
			"__comment": "Voxel-000000",
			"from": [ 8.5, 8.5, 8 ],
			"to": [ 9, 9, 8.5 ],
			"faces": {
				"down": { "uv": [ 0, 0, 16, 16 ], "texture": "#Voxel-000000" },
				"up": { "uv": [ 0, 0, 16, 16 ], "texture": "#Voxel-000000" },
				"north": { "uv": [ 0, 0, 16, 16 ], "texture": "#Voxel-000000" },
				"south": { "uv": [ 0, 0, 16, 16 ], "texture": "#Voxel-000000" },
				"west": { "uv": [ 0, 0, 16, 16 ], "texture": "#Voxel-000000" },
				"east": { "uv": [ 0, 0, 16, 16 ], "texture": "#Voxel-000000" }
			}
		},
		{
			"__comment": "Voxel-000000",
			"from": [ 9, 4, 12 ],
			"to": [ 9.5, 4.5, 12.5 ],
			"faces": {
				"down": { "uv": [ 0, 0, 16, 16 ], "texture": "#Voxel-000000" },
				"up": { "uv": [ 0, 0, 16, 16 ], "texture": "#Voxel-000000" },
				"north": { "uv": [ 0, 0, 16, 16 ], "texture": "#Voxel-000000" },
				"south": { "uv": [ 0, 0, 16, 16 ], "texture": "#Voxel-000000" },
				"west": { "uv": [ 0, 0, 16, 16 ], "texture": "#Voxel-000000" },
				"east": { "uv": [ 0, 0, 16, 16 ], "texture": "#Voxel-000000" }
			}
		},
		{
			"__comment": "Voxel-000000",
			"from": [ 9, 4.5, 3.5 ],
			"to": [ 9.5, 5, 4 ],
			"faces": {
				"down": { "uv": [ 0, 0, 16, 16 ], "texture": "#Voxel-000000" },
				"up": { "uv": [ 0, 0, 16, 16 ], "texture": "#Voxel-000000" },
				"north": { "uv": [ 0, 0, 16, 16 ], "texture": "#Voxel-000000" },
				"south": { "uv": [ 0, 0, 16, 16 ], "texture": "#Voxel-000000" },
				"west": { "uv": [ 0, 0, 16, 16 ], "texture": "#Voxel-000000" },
				"east": { "uv": [ 0, 0, 16, 16 ], "texture": "#Voxel-000000" }
			}
		},
		{
			"__comment": "Voxel-000000",
			"from": [ 9, 8.5, 6.5 ],
			"to": [ 9.5, 9, 7 ],
			"faces": {
				"down": { "uv": [ 0, 0, 16, 16 ], "texture": "#Voxel-000000" },
				"up": { "uv": [ 0, 0, 16, 16 ], "texture": "#Voxel-000000" },
				"north": { "uv": [ 0, 0, 16, 16 ], "texture": "#Voxel-000000" },
				"south": { "uv": [ 0, 0, 16, 16 ], "texture": "#Voxel-000000" },
				"west": { "uv": [ 0, 0, 16, 16 ], "texture": "#Voxel-000000" },
				"east": { "uv": [ 0, 0, 16, 16 ], "texture": "#Voxel-000000" }
			}
		},
		{
			"__comment": "Voxel-000000",
			"from": [ 9, 8.5, 7 ],
			"to": [ 9.5, 9, 7.5 ],
			"faces": {
				"down": { "uv": [ 0, 0, 16, 16 ], "texture": "#Voxel-000000" },
				"up": { "uv": [ 0, 0, 16, 16 ], "texture": "#Voxel-000000" },
				"north": { "uv": [ 0, 0, 16, 16 ], "texture": "#Voxel-000000" },
				"south": { "uv": [ 0, 0, 16, 16 ], "texture": "#Voxel-000000" },
				"west": { "uv": [ 0, 0, 16, 16 ], "texture": "#Voxel-000000" },
				"east": { "uv": [ 0, 0, 16, 16 ], "texture": "#Voxel-000000" }
			}
		},
		{
			"__comment": "Voxel-000000",
			"from": [ 9, 8.5, 7.5 ],
			"to": [ 9.5, 9, 8 ],
			"faces": {
				"down": { "uv": [ 0, 0, 16, 16 ], "texture": "#Voxel-000000" },
				"up": { "uv": [ 0, 0, 16, 16 ], "texture": "#Voxel-000000" },
				"north": { "uv": [ 0, 0, 16, 16 ], "texture": "#Voxel-000000" },
				"south": { "uv": [ 0, 0, 16, 16 ], "texture": "#Voxel-000000" },
				"west": { "uv": [ 0, 0, 16, 16 ], "texture": "#Voxel-000000" },
				"east": { "uv": [ 0, 0, 16, 16 ], "texture": "#Voxel-000000" }
			}
		},
		{
			"__comment": "Voxel-000000",
			"from": [ 9, 8.5, 8 ],
			"to": [ 9.5, 9, 8.5 ],
			"faces": {
				"down": { "uv": [ 0, 0, 16, 16 ], "texture": "#Voxel-000000" },
				"up": { "uv": [ 0, 0, 16, 16 ], "texture": "#Voxel-000000" },
				"north": { "uv": [ 0, 0, 16, 16 ], "texture": "#Voxel-000000" },
				"south": { "uv": [ 0, 0, 16, 16 ], "texture": "#Voxel-000000" },
				"west": { "uv": [ 0, 0, 16, 16 ], "texture": "#Voxel-000000" },
				"east": { "uv": [ 0, 0, 16, 16 ], "texture": "#Voxel-000000" }
			}
		},
		{
			"__comment": "Voxel-000000",
			"from": [ 9, 8.5, 8.5 ],
			"to": [ 9.5, 9, 9 ],
			"faces": {
				"down": { "uv": [ 0, 0, 16, 16 ], "texture": "#Voxel-000000" },
				"up": { "uv": [ 0, 0, 16, 16 ], "texture": "#Voxel-000000" },
				"north": { "uv": [ 0, 0, 16, 16 ], "texture": "#Voxel-000000" },
				"south": { "uv": [ 0, 0, 16, 16 ], "texture": "#Voxel-000000" },
				"west": { "uv": [ 0, 0, 16, 16 ], "texture": "#Voxel-000000" },
				"east": { "uv": [ 0, 0, 16, 16 ], "texture": "#Voxel-000000" }
			}
		},
		{
			"__comment": "Voxel-000000",
			"from": [ 9.5, 3.5, 3.5 ],
			"to": [ 10, 4, 4 ],
			"faces": {
				"down": { "uv": [ 0, 0, 16, 16 ], "texture": "#Voxel-000000" },
				"up": { "uv": [ 0, 0, 16, 16 ], "texture": "#Voxel-000000" },
				"north": { "uv": [ 0, 0, 16, 16 ], "texture": "#Voxel-000000" },
				"south": { "uv": [ 0, 0, 16, 16 ], "texture": "#Voxel-000000" },
				"west": { "uv": [ 0, 0, 16, 16 ], "texture": "#Voxel-000000" },
				"east": { "uv": [ 0, 0, 16, 16 ], "texture": "#Voxel-000000" }
			}
		},
		{
			"__comment": "Voxel-000000",
			"from": [ 9.5, 3.5, 12 ],
			"to": [ 10, 4, 12.5 ],
			"faces": {
				"down": { "uv": [ 0, 0, 16, 16 ], "texture": "#Voxel-000000" },
				"up": { "uv": [ 0, 0, 16, 16 ], "texture": "#Voxel-000000" },
				"north": { "uv": [ 0, 0, 16, 16 ], "texture": "#Voxel-000000" },
				"south": { "uv": [ 0, 0, 16, 16 ], "texture": "#Voxel-000000" },
				"west": { "uv": [ 0, 0, 16, 16 ], "texture": "#Voxel-000000" },
				"east": { "uv": [ 0, 0, 16, 16 ], "texture": "#Voxel-000000" }
			}
		},
		{
			"__comment": "Voxel-000000",
			"from": [ 9.5, 4, 3.5 ],
			"to": [ 10, 4.5, 4 ],
			"faces": {
				"down": { "uv": [ 0, 0, 16, 16 ], "texture": "#Voxel-000000" },
				"up": { "uv": [ 0, 0, 16, 16 ], "texture": "#Voxel-000000" },
				"north": { "uv": [ 0, 0, 16, 16 ], "texture": "#Voxel-000000" },
				"south": { "uv": [ 0, 0, 16, 16 ], "texture": "#Voxel-000000" },
				"west": { "uv": [ 0, 0, 16, 16 ], "texture": "#Voxel-000000" },
				"east": { "uv": [ 0, 0, 16, 16 ], "texture": "#Voxel-000000" }
			}
		},
		{
			"__comment": "Voxel-000000",
			"from": [ 9.5, 4, 12 ],
			"to": [ 10, 4.5, 12.5 ],
			"faces": {
				"down": { "uv": [ 0, 0, 16, 16 ], "texture": "#Voxel-000000" },
				"up": { "uv": [ 0, 0, 16, 16 ], "texture": "#Voxel-000000" },
				"north": { "uv": [ 0, 0, 16, 16 ], "texture": "#Voxel-000000" },
				"south": { "uv": [ 0, 0, 16, 16 ], "texture": "#Voxel-000000" },
				"west": { "uv": [ 0, 0, 16, 16 ], "texture": "#Voxel-000000" },
				"east": { "uv": [ 0, 0, 16, 16 ], "texture": "#Voxel-000000" }
			}
		},
		{
			"__comment": "Voxel-000000",
			"from": [ 9.5, 4.5, 3.5 ],
			"to": [ 10, 5, 4 ],
			"faces": {
				"down": { "uv": [ 0, 0, 16, 16 ], "texture": "#Voxel-000000" },
				"up": { "uv": [ 0, 0, 16, 16 ], "texture": "#Voxel-000000" },
				"north": { "uv": [ 0, 0, 16, 16 ], "texture": "#Voxel-000000" },
				"south": { "uv": [ 0, 0, 16, 16 ], "texture": "#Voxel-000000" },
				"west": { "uv": [ 0, 0, 16, 16 ], "texture": "#Voxel-000000" },
				"east": { "uv": [ 0, 0, 16, 16 ], "texture": "#Voxel-000000" }
			}
		},
		{
			"__comment": "Voxel-000000",
			"from": [ 9.5, 4.5, 12 ],
			"to": [ 10, 5, 12.5 ],
			"faces": {
				"down": { "uv": [ 0, 0, 16, 16 ], "texture": "#Voxel-000000" },
				"up": { "uv": [ 0, 0, 16, 16 ], "texture": "#Voxel-000000" },
				"north": { "uv": [ 0, 0, 16, 16 ], "texture": "#Voxel-000000" },
				"south": { "uv": [ 0, 0, 16, 16 ], "texture": "#Voxel-000000" },
				"west": { "uv": [ 0, 0, 16, 16 ], "texture": "#Voxel-000000" },
				"east": { "uv": [ 0, 0, 16, 16 ], "texture": "#Voxel-000000" }
			}
		},
		{
			"__comment": "Voxel-000000",
			"from": [ 9.5, 5, 3.5 ],
			"to": [ 10, 5.5, 4 ],
			"faces": {
				"down": { "uv": [ 0, 0, 16, 16 ], "texture": "#Voxel-000000" },
				"up": { "uv": [ 0, 0, 16, 16 ], "texture": "#Voxel-000000" },
				"north": { "uv": [ 0, 0, 16, 16 ], "texture": "#Voxel-000000" },
				"south": { "uv": [ 0, 0, 16, 16 ], "texture": "#Voxel-000000" },
				"west": { "uv": [ 0, 0, 16, 16 ], "texture": "#Voxel-000000" },
				"east": { "uv": [ 0, 0, 16, 16 ], "texture": "#Voxel-000000" }
			}
		},
		{
			"__comment": "Voxel-000000",
			"from": [ 9.5, 5, 12 ],
			"to": [ 10, 5.5, 12.5 ],
			"faces": {
				"down": { "uv": [ 0, 0, 16, 16 ], "texture": "#Voxel-000000" },
				"up": { "uv": [ 0, 0, 16, 16 ], "texture": "#Voxel-000000" },
				"north": { "uv": [ 0, 0, 16, 16 ], "texture": "#Voxel-000000" },
				"south": { "uv": [ 0, 0, 16, 16 ], "texture": "#Voxel-000000" },
				"west": { "uv": [ 0, 0, 16, 16 ], "texture": "#Voxel-000000" },
				"east": { "uv": [ 0, 0, 16, 16 ], "texture": "#Voxel-000000" }
			}
		},
		{
			"__comment": "Voxel-000000",
			"from": [ 9.5, 8.5, 6 ],
			"to": [ 10, 9, 6.5 ],
			"faces": {
				"down": { "uv": [ 0, 0, 16, 16 ], "texture": "#Voxel-000000" },
				"up": { "uv": [ 0, 0, 16, 16 ], "texture": "#Voxel-000000" },
				"north": { "uv": [ 0, 0, 16, 16 ], "texture": "#Voxel-000000" },
				"south": { "uv": [ 0, 0, 16, 16 ], "texture": "#Voxel-000000" },
				"west": { "uv": [ 0, 0, 16, 16 ], "texture": "#Voxel-000000" },
				"east": { "uv": [ 0, 0, 16, 16 ], "texture": "#Voxel-000000" }
			}
		},
		{
			"__comment": "Voxel-000000",
			"from": [ 9.5, 8.5, 7.5 ],
			"to": [ 10, 9, 8 ],
			"faces": {
				"down": { "uv": [ 0, 0, 16, 16 ], "texture": "#Voxel-000000" },
				"up": { "uv": [ 0, 0, 16, 16 ], "texture": "#Voxel-000000" },
				"north": { "uv": [ 0, 0, 16, 16 ], "texture": "#Voxel-000000" },
				"south": { "uv": [ 0, 0, 16, 16 ], "texture": "#Voxel-000000" },
				"west": { "uv": [ 0, 0, 16, 16 ], "texture": "#Voxel-000000" },
				"east": { "uv": [ 0, 0, 16, 16 ], "texture": "#Voxel-000000" }
			}
		},
		{
			"__comment": "Voxel-000000",
			"from": [ 9.5, 8.5, 8 ],
			"to": [ 10, 9, 8.5 ],
			"faces": {
				"down": { "uv": [ 0, 0, 16, 16 ], "texture": "#Voxel-000000" },
				"up": { "uv": [ 0, 0, 16, 16 ], "texture": "#Voxel-000000" },
				"north": { "uv": [ 0, 0, 16, 16 ], "texture": "#Voxel-000000" },
				"south": { "uv": [ 0, 0, 16, 16 ], "texture": "#Voxel-000000" },
				"west": { "uv": [ 0, 0, 16, 16 ], "texture": "#Voxel-000000" },
				"east": { "uv": [ 0, 0, 16, 16 ], "texture": "#Voxel-000000" }
			}
		},
		{
			"__comment": "Voxel-000000",
			"from": [ 10, 8.5, 7 ],
			"to": [ 10.5, 9, 7.5 ],
			"faces": {
				"down": { "uv": [ 0, 0, 16, 16 ], "texture": "#Voxel-000000" },
				"up": { "uv": [ 0, 0, 16, 16 ], "texture": "#Voxel-000000" },
				"north": { "uv": [ 0, 0, 16, 16 ], "texture": "#Voxel-000000" },
				"south": { "uv": [ 0, 0, 16, 16 ], "texture": "#Voxel-000000" },
				"west": { "uv": [ 0, 0, 16, 16 ], "texture": "#Voxel-000000" },
				"east": { "uv": [ 0, 0, 16, 16 ], "texture": "#Voxel-000000" }
			}
		},
		{
			"__comment": "Voxel-000000",
			"from": [ 10, 8.5, 8.5 ],
			"to": [ 10.5, 9, 9 ],
			"faces": {
				"down": { "uv": [ 0, 0, 16, 16 ], "texture": "#Voxel-000000" },
				"up": { "uv": [ 0, 0, 16, 16 ], "texture": "#Voxel-000000" },
				"north": { "uv": [ 0, 0, 16, 16 ], "texture": "#Voxel-000000" },
				"south": { "uv": [ 0, 0, 16, 16 ], "texture": "#Voxel-000000" },
				"west": { "uv": [ 0, 0, 16, 16 ], "texture": "#Voxel-000000" },
				"east": { "uv": [ 0, 0, 16, 16 ], "texture": "#Voxel-000000" }
			}
		},
		{
			"__comment": "Voxel-000000",
			"from": [ 10.5, 5, 3.5 ],
			"to": [ 11, 5.5, 4 ],
			"faces": {
				"down": { "uv": [ 0, 0, 16, 16 ], "texture": "#Voxel-000000" },
				"up": { "uv": [ 0, 0, 16, 16 ], "texture": "#Voxel-000000" },
				"north": { "uv": [ 0, 0, 16, 16 ], "texture": "#Voxel-000000" },
				"south": { "uv": [ 0, 0, 16, 16 ], "texture": "#Voxel-000000" },
				"west": { "uv": [ 0, 0, 16, 16 ], "texture": "#Voxel-000000" },
				"east": { "uv": [ 0, 0, 16, 16 ], "texture": "#Voxel-000000" }
			}
		},
		{
			"__comment": "Voxel-000000",
			"from": [ 10.5, 5, 12 ],
			"to": [ 11, 5.5, 12.5 ],
			"faces": {
				"down": { "uv": [ 0, 0, 16, 16 ], "texture": "#Voxel-000000" },
				"up": { "uv": [ 0, 0, 16, 16 ], "texture": "#Voxel-000000" },
				"north": { "uv": [ 0, 0, 16, 16 ], "texture": "#Voxel-000000" },
				"south": { "uv": [ 0, 0, 16, 16 ], "texture": "#Voxel-000000" },
				"west": { "uv": [ 0, 0, 16, 16 ], "texture": "#Voxel-000000" },
				"east": { "uv": [ 0, 0, 16, 16 ], "texture": "#Voxel-000000" }
			}
		},
		{
			"__comment": "Voxel-000000",
			"from": [ 11, 3.5, 3.5 ],
			"to": [ 11.5, 4, 4 ],
			"faces": {
				"down": { "uv": [ 0, 0, 16, 16 ], "texture": "#Voxel-000000" },
				"up": { "uv": [ 0, 0, 16, 16 ], "texture": "#Voxel-000000" },
				"north": { "uv": [ 0, 0, 16, 16 ], "texture": "#Voxel-000000" },
				"south": { "uv": [ 0, 0, 16, 16 ], "texture": "#Voxel-000000" },
				"west": { "uv": [ 0, 0, 16, 16 ], "texture": "#Voxel-000000" },
				"east": { "uv": [ 0, 0, 16, 16 ], "texture": "#Voxel-000000" }
			}
		},
		{
			"__comment": "Voxel-000000",
			"from": [ 11, 3.5, 12 ],
			"to": [ 11.5, 4, 12.5 ],
			"faces": {
				"down": { "uv": [ 0, 0, 16, 16 ], "texture": "#Voxel-000000" },
				"up": { "uv": [ 0, 0, 16, 16 ], "texture": "#Voxel-000000" },
				"north": { "uv": [ 0, 0, 16, 16 ], "texture": "#Voxel-000000" },
				"south": { "uv": [ 0, 0, 16, 16 ], "texture": "#Voxel-000000" },
				"west": { "uv": [ 0, 0, 16, 16 ], "texture": "#Voxel-000000" },
				"east": { "uv": [ 0, 0, 16, 16 ], "texture": "#Voxel-000000" }
			}
		},
		{
			"__comment": "Voxel-000000",
			"from": [ 11, 4, 3.5 ],
			"to": [ 11.5, 4.5, 4 ],
			"faces": {
				"down": { "uv": [ 0, 0, 16, 16 ], "texture": "#Voxel-000000" },
				"up": { "uv": [ 0, 0, 16, 16 ], "texture": "#Voxel-000000" },
				"north": { "uv": [ 0, 0, 16, 16 ], "texture": "#Voxel-000000" },
				"south": { "uv": [ 0, 0, 16, 16 ], "texture": "#Voxel-000000" },
				"west": { "uv": [ 0, 0, 16, 16 ], "texture": "#Voxel-000000" },
				"east": { "uv": [ 0, 0, 16, 16 ], "texture": "#Voxel-000000" }
			}
		},
		{
			"__comment": "Voxel-000000",
			"from": [ 11, 4, 12 ],
			"to": [ 11.5, 4.5, 12.5 ],
			"faces": {
				"down": { "uv": [ 0, 0, 16, 16 ], "texture": "#Voxel-000000" },
				"up": { "uv": [ 0, 0, 16, 16 ], "texture": "#Voxel-000000" },
				"north": { "uv": [ 0, 0, 16, 16 ], "texture": "#Voxel-000000" },
				"south": { "uv": [ 0, 0, 16, 16 ], "texture": "#Voxel-000000" },
				"west": { "uv": [ 0, 0, 16, 16 ], "texture": "#Voxel-000000" },
				"east": { "uv": [ 0, 0, 16, 16 ], "texture": "#Voxel-000000" }
			}
		},
		{
			"__comment": "Voxel-000000",
			"from": [ 11, 4.5, 3.5 ],
			"to": [ 11.5, 5, 4 ],
			"faces": {
				"down": { "uv": [ 0, 0, 16, 16 ], "texture": "#Voxel-000000" },
				"up": { "uv": [ 0, 0, 16, 16 ], "texture": "#Voxel-000000" },
				"north": { "uv": [ 0, 0, 16, 16 ], "texture": "#Voxel-000000" },
				"south": { "uv": [ 0, 0, 16, 16 ], "texture": "#Voxel-000000" },
				"west": { "uv": [ 0, 0, 16, 16 ], "texture": "#Voxel-000000" },
				"east": { "uv": [ 0, 0, 16, 16 ], "texture": "#Voxel-000000" }
			}
		},
		{
			"__comment": "Voxel-000000",
			"from": [ 11, 4.5, 12 ],
			"to": [ 11.5, 5, 12.5 ],
			"faces": {
				"down": { "uv": [ 0, 0, 16, 16 ], "texture": "#Voxel-000000" },
				"up": { "uv": [ 0, 0, 16, 16 ], "texture": "#Voxel-000000" },
				"north": { "uv": [ 0, 0, 16, 16 ], "texture": "#Voxel-000000" },
				"south": { "uv": [ 0, 0, 16, 16 ], "texture": "#Voxel-000000" },
				"west": { "uv": [ 0, 0, 16, 16 ], "texture": "#Voxel-000000" },
				"east": { "uv": [ 0, 0, 16, 16 ], "texture": "#Voxel-000000" }
			}
		},
		{
			"__comment": "Voxel-000000",
			"from": [ 11, 5, 3.5 ],
			"to": [ 11.5, 5.5, 4 ],
			"faces": {
				"down": { "uv": [ 0, 0, 16, 16 ], "texture": "#Voxel-000000" },
				"up": { "uv": [ 0, 0, 16, 16 ], "texture": "#Voxel-000000" },
				"north": { "uv": [ 0, 0, 16, 16 ], "texture": "#Voxel-000000" },
				"south": { "uv": [ 0, 0, 16, 16 ], "texture": "#Voxel-000000" },
				"west": { "uv": [ 0, 0, 16, 16 ], "texture": "#Voxel-000000" },
				"east": { "uv": [ 0, 0, 16, 16 ], "texture": "#Voxel-000000" }
			}
		},
		{
			"__comment": "Voxel-000000",
			"from": [ 11, 5, 12 ],
			"to": [ 11.5, 5.5, 12.5 ],
			"faces": {
				"down": { "uv": [ 0, 0, 16, 16 ], "texture": "#Voxel-000000" },
				"up": { "uv": [ 0, 0, 16, 16 ], "texture": "#Voxel-000000" },
				"north": { "uv": [ 0, 0, 16, 16 ], "texture": "#Voxel-000000" },
				"south": { "uv": [ 0, 0, 16, 16 ], "texture": "#Voxel-000000" },
				"west": { "uv": [ 0, 0, 16, 16 ], "texture": "#Voxel-000000" },
				"east": { "uv": [ 0, 0, 16, 16 ], "texture": "#Voxel-000000" }
			}
		},
		{
			"__comment": "Voxel-000000",
			"from": [ 11.5, 5, 3.5 ],
			"to": [ 12, 5.5, 4 ],
			"faces": {
				"down": { "uv": [ 0, 0, 16, 16 ], "texture": "#Voxel-000000" },
				"up": { "uv": [ 0, 0, 16, 16 ], "texture": "#Voxel-000000" },
				"north": { "uv": [ 0, 0, 16, 16 ], "texture": "#Voxel-000000" },
				"south": { "uv": [ 0, 0, 16, 16 ], "texture": "#Voxel-000000" },
				"west": { "uv": [ 0, 0, 16, 16 ], "texture": "#Voxel-000000" },
				"east": { "uv": [ 0, 0, 16, 16 ], "texture": "#Voxel-000000" }
			}
		},
		{
			"__comment": "Voxel-000000",
			"from": [ 11.5, 5, 12 ],
			"to": [ 12, 5.5, 12.5 ],
			"faces": {
				"down": { "uv": [ 0, 0, 16, 16 ], "texture": "#Voxel-000000" },
				"up": { "uv": [ 0, 0, 16, 16 ], "texture": "#Voxel-000000" },
				"north": { "uv": [ 0, 0, 16, 16 ], "texture": "#Voxel-000000" },
				"south": { "uv": [ 0, 0, 16, 16 ], "texture": "#Voxel-000000" },
				"west": { "uv": [ 0, 0, 16, 16 ], "texture": "#Voxel-000000" },
				"east": { "uv": [ 0, 0, 16, 16 ], "texture": "#Voxel-000000" }
			}
		},
		{
			"__comment": "Voxel-000000",
			"from": [ 13, 3.5, 5.5 ],
			"to": [ 13.5, 4, 6 ],
			"faces": {
				"down": { "uv": [ 0, 0, 16, 16 ], "texture": "#Voxel-000000" },
				"up": { "uv": [ 0, 0, 16, 16 ], "texture": "#Voxel-000000" },
				"north": { "uv": [ 0, 0, 16, 16 ], "texture": "#Voxel-000000" },
				"south": { "uv": [ 0, 0, 16, 16 ], "texture": "#Voxel-000000" },
				"west": { "uv": [ 0, 0, 16, 16 ], "texture": "#Voxel-000000" },
				"east": { "uv": [ 0, 0, 16, 16 ], "texture": "#Voxel-000000" }
			}
		},
		{
			"__comment": "Voxel-000000",
			"from": [ 13, 3.5, 7 ],
			"to": [ 13.5, 4, 7.5 ],
			"faces": {
				"down": { "uv": [ 0, 0, 16, 16 ], "texture": "#Voxel-000000" },
				"up": { "uv": [ 0, 0, 16, 16 ], "texture": "#Voxel-000000" },
				"north": { "uv": [ 0, 0, 16, 16 ], "texture": "#Voxel-000000" },
				"south": { "uv": [ 0, 0, 16, 16 ], "texture": "#Voxel-000000" },
				"west": { "uv": [ 0, 0, 16, 16 ], "texture": "#Voxel-000000" },
				"east": { "uv": [ 0, 0, 16, 16 ], "texture": "#Voxel-000000" }
			}
		},
		{
			"__comment": "Voxel-000000",
			"from": [ 13, 3.5, 8.5 ],
			"to": [ 13.5, 4, 9 ],
			"faces": {
				"down": { "uv": [ 0, 0, 16, 16 ], "texture": "#Voxel-000000" },
				"up": { "uv": [ 0, 0, 16, 16 ], "texture": "#Voxel-000000" },
				"north": { "uv": [ 0, 0, 16, 16 ], "texture": "#Voxel-000000" },
				"south": { "uv": [ 0, 0, 16, 16 ], "texture": "#Voxel-000000" },
				"west": { "uv": [ 0, 0, 16, 16 ], "texture": "#Voxel-000000" },
				"east": { "uv": [ 0, 0, 16, 16 ], "texture": "#Voxel-000000" }
			}
		},
		{
			"__comment": "Voxel-000000",
			"from": [ 13, 3.5, 10 ],
			"to": [ 13.5, 4, 10.5 ],
			"faces": {
				"down": { "uv": [ 0, 0, 16, 16 ], "texture": "#Voxel-000000" },
				"up": { "uv": [ 0, 0, 16, 16 ], "texture": "#Voxel-000000" },
				"north": { "uv": [ 0, 0, 16, 16 ], "texture": "#Voxel-000000" },
				"south": { "uv": [ 0, 0, 16, 16 ], "texture": "#Voxel-000000" },
				"west": { "uv": [ 0, 0, 16, 16 ], "texture": "#Voxel-000000" },
				"east": { "uv": [ 0, 0, 16, 16 ], "texture": "#Voxel-000000" }
			}
		},
		{
			"__comment": "Voxel-000000",
			"from": [ 13, 4, 5.5 ],
			"to": [ 13.5, 4.5, 6 ],
			"faces": {
				"down": { "uv": [ 0, 0, 16, 16 ], "texture": "#Voxel-000000" },
				"up": { "uv": [ 0, 0, 16, 16 ], "texture": "#Voxel-000000" },
				"north": { "uv": [ 0, 0, 16, 16 ], "texture": "#Voxel-000000" },
				"south": { "uv": [ 0, 0, 16, 16 ], "texture": "#Voxel-000000" },
				"west": { "uv": [ 0, 0, 16, 16 ], "texture": "#Voxel-000000" },
				"east": { "uv": [ 0, 0, 16, 16 ], "texture": "#Voxel-000000" }
			}
		},
		{
			"__comment": "Voxel-000000",
			"from": [ 13, 4, 7 ],
			"to": [ 13.5, 4.5, 7.5 ],
			"faces": {
				"down": { "uv": [ 0, 0, 16, 16 ], "texture": "#Voxel-000000" },
				"up": { "uv": [ 0, 0, 16, 16 ], "texture": "#Voxel-000000" },
				"north": { "uv": [ 0, 0, 16, 16 ], "texture": "#Voxel-000000" },
				"south": { "uv": [ 0, 0, 16, 16 ], "texture": "#Voxel-000000" },
				"west": { "uv": [ 0, 0, 16, 16 ], "texture": "#Voxel-000000" },
				"east": { "uv": [ 0, 0, 16, 16 ], "texture": "#Voxel-000000" }
			}
		},
		{
			"__comment": "Voxel-000000",
			"from": [ 13, 4, 7.5 ],
			"to": [ 13.5, 4.5, 8 ],
			"faces": {
				"down": { "uv": [ 0, 0, 16, 16 ], "texture": "#Voxel-000000" },
				"up": { "uv": [ 0, 0, 16, 16 ], "texture": "#Voxel-000000" },
				"north": { "uv": [ 0, 0, 16, 16 ], "texture": "#Voxel-000000" },
				"south": { "uv": [ 0, 0, 16, 16 ], "texture": "#Voxel-000000" },
				"west": { "uv": [ 0, 0, 16, 16 ], "texture": "#Voxel-000000" },
				"east": { "uv": [ 0, 0, 16, 16 ], "texture": "#Voxel-000000" }
			}
		},
		{
			"__comment": "Voxel-000000",
			"from": [ 13, 4, 8.5 ],
			"to": [ 13.5, 4.5, 9 ],
			"faces": {
				"down": { "uv": [ 0, 0, 16, 16 ], "texture": "#Voxel-000000" },
				"up": { "uv": [ 0, 0, 16, 16 ], "texture": "#Voxel-000000" },
				"north": { "uv": [ 0, 0, 16, 16 ], "texture": "#Voxel-000000" },
				"south": { "uv": [ 0, 0, 16, 16 ], "texture": "#Voxel-000000" },
				"west": { "uv": [ 0, 0, 16, 16 ], "texture": "#Voxel-000000" },
				"east": { "uv": [ 0, 0, 16, 16 ], "texture": "#Voxel-000000" }
			}
		},
		{
			"__comment": "Voxel-000000",
			"from": [ 13, 4, 10 ],
			"to": [ 13.5, 4.5, 10.5 ],
			"faces": {
				"down": { "uv": [ 0, 0, 16, 16 ], "texture": "#Voxel-000000" },
				"up": { "uv": [ 0, 0, 16, 16 ], "texture": "#Voxel-000000" },
				"north": { "uv": [ 0, 0, 16, 16 ], "texture": "#Voxel-000000" },
				"south": { "uv": [ 0, 0, 16, 16 ], "texture": "#Voxel-000000" },
				"west": { "uv": [ 0, 0, 16, 16 ], "texture": "#Voxel-000000" },
				"east": { "uv": [ 0, 0, 16, 16 ], "texture": "#Voxel-000000" }
			}
		},
		{
			"__comment": "Voxel-000000",
			"from": [ 13, 4.5, 5.5 ],
			"to": [ 13.5, 5, 6 ],
			"faces": {
				"down": { "uv": [ 0, 0, 16, 16 ], "texture": "#Voxel-000000" },
				"up": { "uv": [ 0, 0, 16, 16 ], "texture": "#Voxel-000000" },
				"north": { "uv": [ 0, 0, 16, 16 ], "texture": "#Voxel-000000" },
				"south": { "uv": [ 0, 0, 16, 16 ], "texture": "#Voxel-000000" },
				"west": { "uv": [ 0, 0, 16, 16 ], "texture": "#Voxel-000000" },
				"east": { "uv": [ 0, 0, 16, 16 ], "texture": "#Voxel-000000" }
			}
		},
		{
			"__comment": "Voxel-000000",
			"from": [ 13, 4.5, 7 ],
			"to": [ 13.5, 5, 7.5 ],
			"faces": {
				"down": { "uv": [ 0, 0, 16, 16 ], "texture": "#Voxel-000000" },
				"up": { "uv": [ 0, 0, 16, 16 ], "texture": "#Voxel-000000" },
				"north": { "uv": [ 0, 0, 16, 16 ], "texture": "#Voxel-000000" },
				"south": { "uv": [ 0, 0, 16, 16 ], "texture": "#Voxel-000000" },
				"west": { "uv": [ 0, 0, 16, 16 ], "texture": "#Voxel-000000" },
				"east": { "uv": [ 0, 0, 16, 16 ], "texture": "#Voxel-000000" }
			}
		},
		{
			"__comment": "Voxel-000000",
			"from": [ 13, 4.5, 8 ],
			"to": [ 13.5, 5, 8.5 ],
			"faces": {
				"down": { "uv": [ 0, 0, 16, 16 ], "texture": "#Voxel-000000" },
				"up": { "uv": [ 0, 0, 16, 16 ], "texture": "#Voxel-000000" },
				"north": { "uv": [ 0, 0, 16, 16 ], "texture": "#Voxel-000000" },
				"south": { "uv": [ 0, 0, 16, 16 ], "texture": "#Voxel-000000" },
				"west": { "uv": [ 0, 0, 16, 16 ], "texture": "#Voxel-000000" },
				"east": { "uv": [ 0, 0, 16, 16 ], "texture": "#Voxel-000000" }
			}
		},
		{
			"__comment": "Voxel-000000",
			"from": [ 13, 4.5, 8.5 ],
			"to": [ 13.5, 5, 9 ],
			"faces": {
				"down": { "uv": [ 0, 0, 16, 16 ], "texture": "#Voxel-000000" },
				"up": { "uv": [ 0, 0, 16, 16 ], "texture": "#Voxel-000000" },
				"north": { "uv": [ 0, 0, 16, 16 ], "texture": "#Voxel-000000" },
				"south": { "uv": [ 0, 0, 16, 16 ], "texture": "#Voxel-000000" },
				"west": { "uv": [ 0, 0, 16, 16 ], "texture": "#Voxel-000000" },
				"east": { "uv": [ 0, 0, 16, 16 ], "texture": "#Voxel-000000" }
			}
		},
		{
			"__comment": "Voxel-000000",
			"from": [ 13, 4.5, 10 ],
			"to": [ 13.5, 5, 10.5 ],
			"faces": {
				"down": { "uv": [ 0, 0, 16, 16 ], "texture": "#Voxel-000000" },
				"up": { "uv": [ 0, 0, 16, 16 ], "texture": "#Voxel-000000" },
				"north": { "uv": [ 0, 0, 16, 16 ], "texture": "#Voxel-000000" },
				"south": { "uv": [ 0, 0, 16, 16 ], "texture": "#Voxel-000000" },
				"west": { "uv": [ 0, 0, 16, 16 ], "texture": "#Voxel-000000" },
				"east": { "uv": [ 0, 0, 16, 16 ], "texture": "#Voxel-000000" }
			}
		},
		{
			"__comment": "Voxel-000000",
			"from": [ 13, 5, 5 ],
			"to": [ 13.5, 5.5, 5.5 ],
			"faces": {
				"down": { "uv": [ 0, 0, 16, 16 ], "texture": "#Voxel-000000" },
				"up": { "uv": [ 0, 0, 16, 16 ], "texture": "#Voxel-000000" },
				"north": { "uv": [ 0, 0, 16, 16 ], "texture": "#Voxel-000000" },
				"south": { "uv": [ 0, 0, 16, 16 ], "texture": "#Voxel-000000" },
				"west": { "uv": [ 0, 0, 16, 16 ], "texture": "#Voxel-000000" },
				"east": { "uv": [ 0, 0, 16, 16 ], "texture": "#Voxel-000000" }
			}
		},
		{
			"__comment": "Voxel-000000",
			"from": [ 13, 5, 5.5 ],
			"to": [ 13.5, 5.5, 6 ],
			"faces": {
				"down": { "uv": [ 0, 0, 16, 16 ], "texture": "#Voxel-000000" },
				"up": { "uv": [ 0, 0, 16, 16 ], "texture": "#Voxel-000000" },
				"north": { "uv": [ 0, 0, 16, 16 ], "texture": "#Voxel-000000" },
				"south": { "uv": [ 0, 0, 16, 16 ], "texture": "#Voxel-000000" },
				"west": { "uv": [ 0, 0, 16, 16 ], "texture": "#Voxel-000000" },
				"east": { "uv": [ 0, 0, 16, 16 ], "texture": "#Voxel-000000" }
			}
		},
		{
			"__comment": "Voxel-000000",
			"from": [ 13, 5, 6 ],
			"to": [ 13.5, 5.5, 6.5 ],
			"faces": {
				"down": { "uv": [ 0, 0, 16, 16 ], "texture": "#Voxel-000000" },
				"up": { "uv": [ 0, 0, 16, 16 ], "texture": "#Voxel-000000" },
				"north": { "uv": [ 0, 0, 16, 16 ], "texture": "#Voxel-000000" },
				"south": { "uv": [ 0, 0, 16, 16 ], "texture": "#Voxel-000000" },
				"west": { "uv": [ 0, 0, 16, 16 ], "texture": "#Voxel-000000" },
				"east": { "uv": [ 0, 0, 16, 16 ], "texture": "#Voxel-000000" }
			}
		},
		{
			"__comment": "Voxel-000000",
			"from": [ 13, 5, 7 ],
			"to": [ 13.5, 5.5, 7.5 ],
			"faces": {
				"down": { "uv": [ 0, 0, 16, 16 ], "texture": "#Voxel-000000" },
				"up": { "uv": [ 0, 0, 16, 16 ], "texture": "#Voxel-000000" },
				"north": { "uv": [ 0, 0, 16, 16 ], "texture": "#Voxel-000000" },
				"south": { "uv": [ 0, 0, 16, 16 ], "texture": "#Voxel-000000" },
				"west": { "uv": [ 0, 0, 16, 16 ], "texture": "#Voxel-000000" },
				"east": { "uv": [ 0, 0, 16, 16 ], "texture": "#Voxel-000000" }
			}
		},
		{
			"__comment": "Voxel-000000",
			"from": [ 13, 5, 8.5 ],
			"to": [ 13.5, 5.5, 9 ],
			"faces": {
				"down": { "uv": [ 0, 0, 16, 16 ], "texture": "#Voxel-000000" },
				"up": { "uv": [ 0, 0, 16, 16 ], "texture": "#Voxel-000000" },
				"north": { "uv": [ 0, 0, 16, 16 ], "texture": "#Voxel-000000" },
				"south": { "uv": [ 0, 0, 16, 16 ], "texture": "#Voxel-000000" },
				"west": { "uv": [ 0, 0, 16, 16 ], "texture": "#Voxel-000000" },
				"east": { "uv": [ 0, 0, 16, 16 ], "texture": "#Voxel-000000" }
			}
		},
		{
			"__comment": "Voxel-000000",
			"from": [ 13, 5, 9.5 ],
			"to": [ 13.5, 5.5, 10 ],
			"faces": {
				"down": { "uv": [ 0, 0, 16, 16 ], "texture": "#Voxel-000000" },
				"up": { "uv": [ 0, 0, 16, 16 ], "texture": "#Voxel-000000" },
				"north": { "uv": [ 0, 0, 16, 16 ], "texture": "#Voxel-000000" },
				"south": { "uv": [ 0, 0, 16, 16 ], "texture": "#Voxel-000000" },
				"west": { "uv": [ 0, 0, 16, 16 ], "texture": "#Voxel-000000" },
				"east": { "uv": [ 0, 0, 16, 16 ], "texture": "#Voxel-000000" }
			}
		},
		{
			"__comment": "Voxel-000000",
			"from": [ 13, 5, 10 ],
			"to": [ 13.5, 5.5, 10.5 ],
			"faces": {
				"down": { "uv": [ 0, 0, 16, 16 ], "texture": "#Voxel-000000" },
				"up": { "uv": [ 0, 0, 16, 16 ], "texture": "#Voxel-000000" },
				"north": { "uv": [ 0, 0, 16, 16 ], "texture": "#Voxel-000000" },
				"south": { "uv": [ 0, 0, 16, 16 ], "texture": "#Voxel-000000" },
				"west": { "uv": [ 0, 0, 16, 16 ], "texture": "#Voxel-000000" },
				"east": { "uv": [ 0, 0, 16, 16 ], "texture": "#Voxel-000000" }
			}
		},
		{
			"__comment": "Voxel-000000",
			"from": [ 13, 5, 10.5 ],
			"to": [ 13.5, 5.5, 11 ],
			"faces": {
				"down": { "uv": [ 0, 0, 16, 16 ], "texture": "#Voxel-000000" },
				"up": { "uv": [ 0, 0, 16, 16 ], "texture": "#Voxel-000000" },
				"north": { "uv": [ 0, 0, 16, 16 ], "texture": "#Voxel-000000" },
				"south": { "uv": [ 0, 0, 16, 16 ], "texture": "#Voxel-000000" },
				"west": { "uv": [ 0, 0, 16, 16 ], "texture": "#Voxel-000000" },
				"east": { "uv": [ 0, 0, 16, 16 ], "texture": "#Voxel-000000" }
			}
		}
	],
	"display": {
		"gui": {
			"rotation":  [ 0, 90, 0 ],
			"translation":  [ 0, 3.4782, 0 ]
		},
		"head": {
			"rotation":  [ 0, -90, 0 ],
			"translation":  [ 0, -23, -2 ],
			"scale":  [ 3, 3, 3 ]
		}
	}
}