{
	"__comment": "Designed by Memory520 with Cubik Studio - https://cubik.studio",
	"textures": {
		"particle": "./tou1"
	},
	"elements": [ 	 
		{
			"__comment": "Box1",
			"from": [ 4, 0, 4 ],
			"to": [ 12, 8, 12 ],
			"faces": {
				"down": { "uv": [ 4, 0, 6, 2 ], "texture": "#particle" },
				"up": { "uv": [ 2, 0, 4, 2 ], "texture": "#particle" },
				"north": { "uv": [ 6, 2, 8, 4 ], "texture": "#particle" },
				"south": { "uv": [ 4, 2, 6, 4 ], "texture": "#particle" },
				"west": { "uv": [ 2, 2, 4, 4 ], "texture": "#particle" },
				"east": { "uv": [ 6, 2, 8, 4 ], "texture": "#particle" }
			}
		}
	],
	"display": {
		"gui": {
			"rotation":  [ 0, 104, 6 ],
			"translation":  [ 0, 4.1739, 0 ]
		},
		"head": {
			"rotation":  [ 0, -90, 0 ],
			"translation":  [ 0, 6.9, 0 ],
			"scale":  [ 1.7, 1.7, 1.7 ]
		}
	}
}