{
	"__comment": "Designed by Memory520 with Cubik Studio - https://cubik.studio",
	"textures": {
		"voxels_palette": "./dg"
	},
	"elements": [ 	 
		{
			"__comment": "Voxels-513B3B",
			"from": [ 7.75, -2.25, 4.25 ],
			"to": [ 8, -2, 4.5 ],
			"faces": {
				"down": { "uv": [ 4.48, 0.4799995, 5.52, 1.52 ], "texture": "#voxels_palette" },
				"up": { "uv": [ 4.48, 0.4799995, 5.52, 1.52 ], "texture": "#voxels_palette" },
				"north": { "uv": [ 4.48, 0.4799995, 5.52, 1.52 ], "texture": "#voxels_palette" },
				"south": { "uv": [ 4.48, 0.4799995, 5.52, 1.52 ], "texture": "#voxels_palette" },
				"west": { "uv": [ 4.48, 0.4799995, 5.52, 1.52 ], "texture": "#voxels_palette" },
				"east": { "uv": [ 4.48, 0.4799995, 5.52, 1.52 ], "texture": "#voxels_palette" }
			}
		},
		{
			"__comment": "Voxels-382030",
			"from": [ 7.75, -2.25, 4.5 ],
			"to": [ 8, -2, 4.75 ],
			"faces": {
				"down": { "uv": [ 2.48, 0.4799995, 3.52, 1.52 ], "texture": "#voxels_palette" },
				"up": { "uv": [ 2.48, 0.4799995, 3.52, 1.52 ], "texture": "#voxels_palette" },
				"north": { "uv": [ 2.48, 0.4799995, 3.52, 1.52 ], "texture": "#voxels_palette" },
				"south": { "uv": [ 2.48, 0.4799995, 3.52, 1.52 ], "texture": "#voxels_palette" },
				"west": { "uv": [ 2.48, 0.4799995, 3.52, 1.52 ], "texture": "#voxels_palette" },
				"east": { "uv": [ 2.48, 0.4799995, 3.52, 1.52 ], "texture": "#voxels_palette" }
			}
		},
		{
			"__comment": "Voxels-343838",
			"from": [ 7.75, -2, 4 ],
			"to": [ 8, -1.75, 4.25 ],
			"faces": {
				"down": { "uv": [ 0.48, 2.48, 1.52, 3.52 ], "texture": "#voxels_palette" },
				"up": { "uv": [ 0.48, 2.48, 1.52, 3.52 ], "texture": "#voxels_palette" },
				"north": { "uv": [ 0.48, 2.48, 1.52, 3.52 ], "texture": "#voxels_palette" },
				"south": { "uv": [ 0.48, 2.48, 1.52, 3.52 ], "texture": "#voxels_palette" },
				"west": { "uv": [ 0.48, 2.48, 1.52, 3.52 ], "texture": "#voxels_palette" },
				"east": { "uv": [ 0.48, 2.48, 1.52, 3.52 ], "texture": "#voxels_palette" }
			}
		},
		{
			"__comment": "Voxels-D49159",
			"from": [ 7.75, -2, 4.25 ],
			"to": [ 8, -1.75, 4.5 ],
			"faces": {
				"down": { "uv": [ 8.48, 2.48, 9.52, 3.52 ], "texture": "#voxels_palette" },
				"up": { "uv": [ 8.48, 2.48, 9.52, 3.52 ], "texture": "#voxels_palette" },
				"north": { "uv": [ 8.48, 2.48, 9.52, 3.52 ], "texture": "#voxels_palette" },
				"south": { "uv": [ 8.48, 2.48, 9.52, 3.52 ], "texture": "#voxels_palette" },
				"west": { "uv": [ 8.48, 2.48, 9.52, 3.52 ], "texture": "#voxels_palette" },
				"east": { "uv": [ 8.48, 2.48, 9.52, 3.52 ], "texture": "#voxels_palette" }
			}
		},
		{
			"__comment": "Voxels-F5CFA1",
			"from": [ 7.75, -2, 4.5 ],
			"to": [ 8, -1.75, 4.75 ],
			"faces": {
				"down": { "uv": [ 12.48, 2.48, 13.52, 3.52 ], "texture": "#voxels_palette" },
				"up": { "uv": [ 12.48, 2.48, 13.52, 3.52 ], "texture": "#voxels_palette" },
				"north": { "uv": [ 12.48, 2.48, 13.52, 3.52 ], "texture": "#voxels_palette" },
				"south": { "uv": [ 12.48, 2.48, 13.52, 3.52 ], "texture": "#voxels_palette" },
				"west": { "uv": [ 12.48, 2.48, 13.52, 3.52 ], "texture": "#voxels_palette" },
				"east": { "uv": [ 12.48, 2.48, 13.52, 3.52 ], "texture": "#voxels_palette" }
			}
		},
		{
			"__comment": "Voxels-382030",
			"from": [ 7.75, -2, 4.75 ],
			"to": [ 8, -1.75, 5 ],
			"faces": {
				"down": { "uv": [ 2.48, 0.4799995, 3.52, 1.52 ], "texture": "#voxels_palette" },
				"up": { "uv": [ 2.48, 0.4799995, 3.52, 1.52 ], "texture": "#voxels_palette" },
				"north": { "uv": [ 2.48, 0.4799995, 3.52, 1.52 ], "texture": "#voxels_palette" },
				"south": { "uv": [ 2.48, 0.4799995, 3.52, 1.52 ], "texture": "#voxels_palette" },
				"west": { "uv": [ 2.48, 0.4799995, 3.52, 1.52 ], "texture": "#voxels_palette" },
				"east": { "uv": [ 2.48, 0.4799995, 3.52, 1.52 ], "texture": "#voxels_palette" }
			}
		},
		{
			"__comment": "Voxels-382030",
			"from": [ 7.75, -1.75, 4 ],
			"to": [ 8, -1.5, 4.25 ],
			"faces": {
				"down": { "uv": [ 2.48, 0.4799995, 3.52, 1.52 ], "texture": "#voxels_palette" },
				"up": { "uv": [ 2.48, 0.4799995, 3.52, 1.52 ], "texture": "#voxels_palette" },
				"north": { "uv": [ 2.48, 0.4799995, 3.52, 1.52 ], "texture": "#voxels_palette" },
				"south": { "uv": [ 2.48, 0.4799995, 3.52, 1.52 ], "texture": "#voxels_palette" },
				"west": { "uv": [ 2.48, 0.4799995, 3.52, 1.52 ], "texture": "#voxels_palette" },
				"east": { "uv": [ 2.48, 0.4799995, 3.52, 1.52 ], "texture": "#voxels_palette" }
			}
		},
		{
			"__comment": "Voxels-915738",
			"from": [ 7.75, -1.75, 4.25 ],
			"to": [ 8, -1.5, 4.5 ],
			"faces": {
				"down": { "uv": [ 6.48, 2.48, 7.52, 3.52 ], "texture": "#voxels_palette" },
				"up": { "uv": [ 6.48, 2.48, 7.52, 3.52 ], "texture": "#voxels_palette" },
				"north": { "uv": [ 6.48, 2.48, 7.52, 3.52 ], "texture": "#voxels_palette" },
				"south": { "uv": [ 6.48, 2.48, 7.52, 3.52 ], "texture": "#voxels_palette" },
				"west": { "uv": [ 6.48, 2.48, 7.52, 3.52 ], "texture": "#voxels_palette" },
				"east": { "uv": [ 6.48, 2.48, 7.52, 3.52 ], "texture": "#voxels_palette" }
			}
		},
		{
			"__comment": "Voxels-D49159",
			"from": [ 7.75, -1.75, 4.5 ],
			"to": [ 8, -1.5, 4.75 ],
			"faces": {
				"down": { "uv": [ 8.48, 2.48, 9.52, 3.52 ], "texture": "#voxels_palette" },
				"up": { "uv": [ 8.48, 2.48, 9.52, 3.52 ], "texture": "#voxels_palette" },
				"north": { "uv": [ 8.48, 2.48, 9.52, 3.52 ], "texture": "#voxels_palette" },
				"south": { "uv": [ 8.48, 2.48, 9.52, 3.52 ], "texture": "#voxels_palette" },
				"west": { "uv": [ 8.48, 2.48, 9.52, 3.52 ], "texture": "#voxels_palette" },
				"east": { "uv": [ 8.48, 2.48, 9.52, 3.52 ], "texture": "#voxels_palette" }
			}
		},
		{
			"__comment": "Voxels-F7BB9F",
			"from": [ 7.75, -1.75, 4.75 ],
			"to": [ 8, -1.5, 5 ],
			"faces": {
				"down": { "uv": [ 14.48, 2.48, 15.52, 3.52 ], "texture": "#voxels_palette" },
				"up": { "uv": [ 14.48, 2.48, 15.52, 3.52 ], "texture": "#voxels_palette" },
				"north": { "uv": [ 14.48, 2.48, 15.52, 3.52 ], "texture": "#voxels_palette" },
				"south": { "uv": [ 14.48, 2.48, 15.52, 3.52 ], "texture": "#voxels_palette" },
				"west": { "uv": [ 14.48, 2.48, 15.52, 3.52 ], "texture": "#voxels_palette" },
				"east": { "uv": [ 14.48, 2.48, 15.52, 3.52 ], "texture": "#voxels_palette" }
			}
		},
		{
			"__comment": "Voxels-513B3B",
			"from": [ 7.75, -1.75, 5 ],
			"to": [ 8, -1.5, 5.25 ],
			"faces": {
				"down": { "uv": [ 4.48, 0.4799995, 5.52, 1.52 ], "texture": "#voxels_palette" },
				"up": { "uv": [ 4.48, 0.4799995, 5.52, 1.52 ], "texture": "#voxels_palette" },
				"north": { "uv": [ 4.48, 0.4799995, 5.52, 1.52 ], "texture": "#voxels_palette" },
				"south": { "uv": [ 4.48, 0.4799995, 5.52, 1.52 ], "texture": "#voxels_palette" },
				"west": { "uv": [ 4.48, 0.4799995, 5.52, 1.52 ], "texture": "#voxels_palette" },
				"east": { "uv": [ 4.48, 0.4799995, 5.52, 1.52 ], "texture": "#voxels_palette" }
			}
		},
		{
			"__comment": "Voxels-343838",
			"from": [ 7.75, -1.5, 4.25 ],
			"to": [ 8, -1.25, 4.5 ],
			"faces": {
				"down": { "uv": [ 0.48, 2.48, 1.52, 3.52 ], "texture": "#voxels_palette" },
				"up": { "uv": [ 0.48, 2.48, 1.52, 3.52 ], "texture": "#voxels_palette" },
				"north": { "uv": [ 0.48, 2.48, 1.52, 3.52 ], "texture": "#voxels_palette" },
				"south": { "uv": [ 0.48, 2.48, 1.52, 3.52 ], "texture": "#voxels_palette" },
				"west": { "uv": [ 0.48, 2.48, 1.52, 3.52 ], "texture": "#voxels_palette" },
				"east": { "uv": [ 0.48, 2.48, 1.52, 3.52 ], "texture": "#voxels_palette" }
			}
		},
		{
			"__comment": "Voxels-915738",
			"from": [ 7.75, -1.5, 4.5 ],
			"to": [ 8, -1.25, 4.75 ],
			"faces": {
				"down": { "uv": [ 6.48, 2.48, 7.52, 3.52 ], "texture": "#voxels_palette" },
				"up": { "uv": [ 6.48, 2.48, 7.52, 3.52 ], "texture": "#voxels_palette" },
				"north": { "uv": [ 6.48, 2.48, 7.52, 3.52 ], "texture": "#voxels_palette" },
				"south": { "uv": [ 6.48, 2.48, 7.52, 3.52 ], "texture": "#voxels_palette" },
				"west": { "uv": [ 6.48, 2.48, 7.52, 3.52 ], "texture": "#voxels_palette" },
				"east": { "uv": [ 6.48, 2.48, 7.52, 3.52 ], "texture": "#voxels_palette" }
			}
		},
		{
			"__comment": "Voxels-D49159",
			"from": [ 7.75, -1.5, 4.75 ],
			"to": [ 8, -1.25, 5 ],
			"faces": {
				"down": { "uv": [ 8.48, 2.48, 9.52, 3.52 ], "texture": "#voxels_palette" },
				"up": { "uv": [ 8.48, 2.48, 9.52, 3.52 ], "texture": "#voxels_palette" },
				"north": { "uv": [ 8.48, 2.48, 9.52, 3.52 ], "texture": "#voxels_palette" },
				"south": { "uv": [ 8.48, 2.48, 9.52, 3.52 ], "texture": "#voxels_palette" },
				"west": { "uv": [ 8.48, 2.48, 9.52, 3.52 ], "texture": "#voxels_palette" },
				"east": { "uv": [ 8.48, 2.48, 9.52, 3.52 ], "texture": "#voxels_palette" }
			}
		},
		{
			"__comment": "Voxels-F5CFA1",
			"from": [ 7.75, -1.5, 5 ],
			"to": [ 8, -1.25, 5.25 ],
			"faces": {
				"down": { "uv": [ 12.48, 2.48, 13.52, 3.52 ], "texture": "#voxels_palette" },
				"up": { "uv": [ 12.48, 2.48, 13.52, 3.52 ], "texture": "#voxels_palette" },
				"north": { "uv": [ 12.48, 2.48, 13.52, 3.52 ], "texture": "#voxels_palette" },
				"south": { "uv": [ 12.48, 2.48, 13.52, 3.52 ], "texture": "#voxels_palette" },
				"west": { "uv": [ 12.48, 2.48, 13.52, 3.52 ], "texture": "#voxels_palette" },
				"east": { "uv": [ 12.48, 2.48, 13.52, 3.52 ], "texture": "#voxels_palette" }
			}
		},
		{
			"__comment": "Voxels-382030",
			"from": [ 7.75, -1.5, 5.25 ],
			"to": [ 8, -1.25, 5.5 ],
			"faces": {
				"down": { "uv": [ 2.48, 0.4799995, 3.52, 1.52 ], "texture": "#voxels_palette" },
				"up": { "uv": [ 2.48, 0.4799995, 3.52, 1.52 ], "texture": "#voxels_palette" },
				"north": { "uv": [ 2.48, 0.4799995, 3.52, 1.52 ], "texture": "#voxels_palette" },
				"south": { "uv": [ 2.48, 0.4799995, 3.52, 1.52 ], "texture": "#voxels_palette" },
				"west": { "uv": [ 2.48, 0.4799995, 3.52, 1.52 ], "texture": "#voxels_palette" },
				"east": { "uv": [ 2.48, 0.4799995, 3.52, 1.52 ], "texture": "#voxels_palette" }
			}
		},
		{
			"__comment": "Voxels-382030",
			"from": [ 7.75, -1.25, 4.5 ],
			"to": [ 8, -1, 4.75 ],
			"faces": {
				"down": { "uv": [ 2.48, 0.4799995, 3.52, 1.52 ], "texture": "#voxels_palette" },
				"up": { "uv": [ 2.48, 0.4799995, 3.52, 1.52 ], "texture": "#voxels_palette" },
				"north": { "uv": [ 2.48, 0.4799995, 3.52, 1.52 ], "texture": "#voxels_palette" },
				"south": { "uv": [ 2.48, 0.4799995, 3.52, 1.52 ], "texture": "#voxels_palette" },
				"west": { "uv": [ 2.48, 0.4799995, 3.52, 1.52 ], "texture": "#voxels_palette" },
				"east": { "uv": [ 2.48, 0.4799995, 3.52, 1.52 ], "texture": "#voxels_palette" }
			}
		},
		{
			"__comment": "Voxels-915738",
			"from": [ 7.75, -1.25, 4.75 ],
			"to": [ 8, -1, 5 ],
			"faces": {
				"down": { "uv": [ 6.48, 2.48, 7.52, 3.52 ], "texture": "#voxels_palette" },
				"up": { "uv": [ 6.48, 2.48, 7.52, 3.52 ], "texture": "#voxels_palette" },
				"north": { "uv": [ 6.48, 2.48, 7.52, 3.52 ], "texture": "#voxels_palette" },
				"south": { "uv": [ 6.48, 2.48, 7.52, 3.52 ], "texture": "#voxels_palette" },
				"west": { "uv": [ 6.48, 2.48, 7.52, 3.52 ], "texture": "#voxels_palette" },
				"east": { "uv": [ 6.48, 2.48, 7.52, 3.52 ], "texture": "#voxels_palette" }
			}
		},
		{
			"__comment": "Voxels-D49159",
			"from": [ 7.75, -1.25, 5 ],
			"to": [ 8, -1, 5.25 ],
			"faces": {
				"down": { "uv": [ 8.48, 2.48, 9.52, 3.52 ], "texture": "#voxels_palette" },
				"up": { "uv": [ 8.48, 2.48, 9.52, 3.52 ], "texture": "#voxels_palette" },
				"north": { "uv": [ 8.48, 2.48, 9.52, 3.52 ], "texture": "#voxels_palette" },
				"south": { "uv": [ 8.48, 2.48, 9.52, 3.52 ], "texture": "#voxels_palette" },
				"west": { "uv": [ 8.48, 2.48, 9.52, 3.52 ], "texture": "#voxels_palette" },
				"east": { "uv": [ 8.48, 2.48, 9.52, 3.52 ], "texture": "#voxels_palette" }
			}
		},
		{
			"__comment": "Voxels-F5CFA1",
			"from": [ 7.75, -1.25, 5.25 ],
			"to": [ 8, -1, 5.5 ],
			"faces": {
				"down": { "uv": [ 12.48, 2.48, 13.52, 3.52 ], "texture": "#voxels_palette" },
				"up": { "uv": [ 12.48, 2.48, 13.52, 3.52 ], "texture": "#voxels_palette" },
				"north": { "uv": [ 12.48, 2.48, 13.52, 3.52 ], "texture": "#voxels_palette" },
				"south": { "uv": [ 12.48, 2.48, 13.52, 3.52 ], "texture": "#voxels_palette" },
				"west": { "uv": [ 12.48, 2.48, 13.52, 3.52 ], "texture": "#voxels_palette" },
				"east": { "uv": [ 12.48, 2.48, 13.52, 3.52 ], "texture": "#voxels_palette" }
			}
		},
		{
			"__comment": "Voxels-513B3B",
			"from": [ 7.75, -1.25, 5.5 ],
			"to": [ 8, -1, 5.75 ],
			"faces": {
				"down": { "uv": [ 4.48, 0.4799995, 5.52, 1.52 ], "texture": "#voxels_palette" },
				"up": { "uv": [ 4.48, 0.4799995, 5.52, 1.52 ], "texture": "#voxels_palette" },
				"north": { "uv": [ 4.48, 0.4799995, 5.52, 1.52 ], "texture": "#voxels_palette" },
				"south": { "uv": [ 4.48, 0.4799995, 5.52, 1.52 ], "texture": "#voxels_palette" },
				"west": { "uv": [ 4.48, 0.4799995, 5.52, 1.52 ], "texture": "#voxels_palette" },
				"east": { "uv": [ 4.48, 0.4799995, 5.52, 1.52 ], "texture": "#voxels_palette" }
			}
		},
		{
			"__comment": "Voxels-513B3B",
			"from": [ 7.75, -1, 4.75 ],
			"to": [ 8, -0.75, 5 ],
			"faces": {
				"down": { "uv": [ 4.48, 0.4799995, 5.52, 1.52 ], "texture": "#voxels_palette" },
				"up": { "uv": [ 4.48, 0.4799995, 5.52, 1.52 ], "texture": "#voxels_palette" },
				"north": { "uv": [ 4.48, 0.4799995, 5.52, 1.52 ], "texture": "#voxels_palette" },
				"south": { "uv": [ 4.48, 0.4799995, 5.52, 1.52 ], "texture": "#voxels_palette" },
				"west": { "uv": [ 4.48, 0.4799995, 5.52, 1.52 ], "texture": "#voxels_palette" },
				"east": { "uv": [ 4.48, 0.4799995, 5.52, 1.52 ], "texture": "#voxels_palette" }
			}
		},
		{
			"__comment": "Voxels-915738",
			"from": [ 7.75, -1, 5 ],
			"to": [ 8, -0.75, 5.25 ],
			"faces": {
				"down": { "uv": [ 6.48, 2.48, 7.52, 3.52 ], "texture": "#voxels_palette" },
				"up": { "uv": [ 6.48, 2.48, 7.52, 3.52 ], "texture": "#voxels_palette" },
				"north": { "uv": [ 6.48, 2.48, 7.52, 3.52 ], "texture": "#voxels_palette" },
				"south": { "uv": [ 6.48, 2.48, 7.52, 3.52 ], "texture": "#voxels_palette" },
				"west": { "uv": [ 6.48, 2.48, 7.52, 3.52 ], "texture": "#voxels_palette" },
				"east": { "uv": [ 6.48, 2.48, 7.52, 3.52 ], "texture": "#voxels_palette" }
			}
		},
		{
			"__comment": "Voxels-D49159",
			"from": [ 7.75, -1, 5.25 ],
			"to": [ 8, -0.75, 5.5 ],
			"faces": {
				"down": { "uv": [ 8.48, 2.48, 9.52, 3.52 ], "texture": "#voxels_palette" },
				"up": { "uv": [ 8.48, 2.48, 9.52, 3.52 ], "texture": "#voxels_palette" },
				"north": { "uv": [ 8.48, 2.48, 9.52, 3.52 ], "texture": "#voxels_palette" },
				"south": { "uv": [ 8.48, 2.48, 9.52, 3.52 ], "texture": "#voxels_palette" },
				"west": { "uv": [ 8.48, 2.48, 9.52, 3.52 ], "texture": "#voxels_palette" },
				"east": { "uv": [ 8.48, 2.48, 9.52, 3.52 ], "texture": "#voxels_palette" }
			}
		},
		{
			"__comment": "Voxels-F5CFA1",
			"from": [ 7.75, -1, 5.5 ],
			"to": [ 8, -0.75, 5.75 ],
			"faces": {
				"down": { "uv": [ 12.48, 2.48, 13.52, 3.52 ], "texture": "#voxels_palette" },
				"up": { "uv": [ 12.48, 2.48, 13.52, 3.52 ], "texture": "#voxels_palette" },
				"north": { "uv": [ 12.48, 2.48, 13.52, 3.52 ], "texture": "#voxels_palette" },
				"south": { "uv": [ 12.48, 2.48, 13.52, 3.52 ], "texture": "#voxels_palette" },
				"west": { "uv": [ 12.48, 2.48, 13.52, 3.52 ], "texture": "#voxels_palette" },
				"east": { "uv": [ 12.48, 2.48, 13.52, 3.52 ], "texture": "#voxels_palette" }
			}
		},
		{
			"__comment": "Voxels-382030",
			"from": [ 7.75, -1, 5.75 ],
			"to": [ 8, -0.75, 6 ],
			"faces": {
				"down": { "uv": [ 2.48, 0.4799995, 3.52, 1.52 ], "texture": "#voxels_palette" },
				"up": { "uv": [ 2.48, 0.4799995, 3.52, 1.52 ], "texture": "#voxels_palette" },
				"north": { "uv": [ 2.48, 0.4799995, 3.52, 1.52 ], "texture": "#voxels_palette" },
				"south": { "uv": [ 2.48, 0.4799995, 3.52, 1.52 ], "texture": "#voxels_palette" },
				"west": { "uv": [ 2.48, 0.4799995, 3.52, 1.52 ], "texture": "#voxels_palette" },
				"east": { "uv": [ 2.48, 0.4799995, 3.52, 1.52 ], "texture": "#voxels_palette" }
			}
		},
		{
			"__comment": "Voxels-382030",
			"from": [ 7.75, -0.75, 5 ],
			"to": [ 8, -0.5, 5.25 ],
			"faces": {
				"down": { "uv": [ 2.48, 0.4799995, 3.52, 1.52 ], "texture": "#voxels_palette" },
				"up": { "uv": [ 2.48, 0.4799995, 3.52, 1.52 ], "texture": "#voxels_palette" },
				"north": { "uv": [ 2.48, 0.4799995, 3.52, 1.52 ], "texture": "#voxels_palette" },
				"south": { "uv": [ 2.48, 0.4799995, 3.52, 1.52 ], "texture": "#voxels_palette" },
				"west": { "uv": [ 2.48, 0.4799995, 3.52, 1.52 ], "texture": "#voxels_palette" },
				"east": { "uv": [ 2.48, 0.4799995, 3.52, 1.52 ], "texture": "#voxels_palette" }
			}
		},
		{
			"__comment": "Voxels-915738",
			"from": [ 7.75, -0.75, 5.25 ],
			"to": [ 8, -0.5, 5.5 ],
			"faces": {
				"down": { "uv": [ 6.48, 2.48, 7.52, 3.52 ], "texture": "#voxels_palette" },
				"up": { "uv": [ 6.48, 2.48, 7.52, 3.52 ], "texture": "#voxels_palette" },
				"north": { "uv": [ 6.48, 2.48, 7.52, 3.52 ], "texture": "#voxels_palette" },
				"south": { "uv": [ 6.48, 2.48, 7.52, 3.52 ], "texture": "#voxels_palette" },
				"west": { "uv": [ 6.48, 2.48, 7.52, 3.52 ], "texture": "#voxels_palette" },
				"east": { "uv": [ 6.48, 2.48, 7.52, 3.52 ], "texture": "#voxels_palette" }
			}
		},
		{
			"__comment": "Voxels-D49159",
			"from": [ 7.75, -0.75, 5.5 ],
			"to": [ 8, -0.5, 5.75 ],
			"faces": {
				"down": { "uv": [ 8.48, 2.48, 9.52, 3.52 ], "texture": "#voxels_palette" },
				"up": { "uv": [ 8.48, 2.48, 9.52, 3.52 ], "texture": "#voxels_palette" },
				"north": { "uv": [ 8.48, 2.48, 9.52, 3.52 ], "texture": "#voxels_palette" },
				"south": { "uv": [ 8.48, 2.48, 9.52, 3.52 ], "texture": "#voxels_palette" },
				"west": { "uv": [ 8.48, 2.48, 9.52, 3.52 ], "texture": "#voxels_palette" },
				"east": { "uv": [ 8.48, 2.48, 9.52, 3.52 ], "texture": "#voxels_palette" }
			}
		},
		{
			"__comment": "Voxels-F5CFA1",
			"from": [ 7.75, -0.75, 5.75 ],
			"to": [ 8, -0.5, 6 ],
			"faces": {
				"down": { "uv": [ 12.48, 2.48, 13.52, 3.52 ], "texture": "#voxels_palette" },
				"up": { "uv": [ 12.48, 2.48, 13.52, 3.52 ], "texture": "#voxels_palette" },
				"north": { "uv": [ 12.48, 2.48, 13.52, 3.52 ], "texture": "#voxels_palette" },
				"south": { "uv": [ 12.48, 2.48, 13.52, 3.52 ], "texture": "#voxels_palette" },
				"west": { "uv": [ 12.48, 2.48, 13.52, 3.52 ], "texture": "#voxels_palette" },
				"east": { "uv": [ 12.48, 2.48, 13.52, 3.52 ], "texture": "#voxels_palette" }
			}
		},
		{
			"__comment": "Voxels-382030",
			"from": [ 7.75, -0.75, 6 ],
			"to": [ 8, -0.5, 6.25 ],
			"faces": {
				"down": { "uv": [ 2.48, 0.4799995, 3.52, 1.52 ], "texture": "#voxels_palette" },
				"up": { "uv": [ 2.48, 0.4799995, 3.52, 1.52 ], "texture": "#voxels_palette" },
				"north": { "uv": [ 2.48, 0.4799995, 3.52, 1.52 ], "texture": "#voxels_palette" },
				"south": { "uv": [ 2.48, 0.4799995, 3.52, 1.52 ], "texture": "#voxels_palette" },
				"west": { "uv": [ 2.48, 0.4799995, 3.52, 1.52 ], "texture": "#voxels_palette" },
				"east": { "uv": [ 2.48, 0.4799995, 3.52, 1.52 ], "texture": "#voxels_palette" }
			}
		},
		{
			"__comment": "Voxels-382030",
			"from": [ 7.75, -0.5, 5.25 ],
			"to": [ 8, -0.25, 5.5 ],
			"faces": {
				"down": { "uv": [ 2.48, 0.4799995, 3.52, 1.52 ], "texture": "#voxels_palette" },
				"up": { "uv": [ 2.48, 0.4799995, 3.52, 1.52 ], "texture": "#voxels_palette" },
				"north": { "uv": [ 2.48, 0.4799995, 3.52, 1.52 ], "texture": "#voxels_palette" },
				"south": { "uv": [ 2.48, 0.4799995, 3.52, 1.52 ], "texture": "#voxels_palette" },
				"west": { "uv": [ 2.48, 0.4799995, 3.52, 1.52 ], "texture": "#voxels_palette" },
				"east": { "uv": [ 2.48, 0.4799995, 3.52, 1.52 ], "texture": "#voxels_palette" }
			}
		},
		{
			"__comment": "Voxels-915738",
			"from": [ 7.75, -0.5, 5.5 ],
			"to": [ 8, -0.25, 5.75 ],
			"faces": {
				"down": { "uv": [ 6.48, 2.48, 7.52, 3.52 ], "texture": "#voxels_palette" },
				"up": { "uv": [ 6.48, 2.48, 7.52, 3.52 ], "texture": "#voxels_palette" },
				"north": { "uv": [ 6.48, 2.48, 7.52, 3.52 ], "texture": "#voxels_palette" },
				"south": { "uv": [ 6.48, 2.48, 7.52, 3.52 ], "texture": "#voxels_palette" },
				"west": { "uv": [ 6.48, 2.48, 7.52, 3.52 ], "texture": "#voxels_palette" },
				"east": { "uv": [ 6.48, 2.48, 7.52, 3.52 ], "texture": "#voxels_palette" }
			}
		},
		{
			"__comment": "Voxels-D49159",
			"from": [ 7.75, -0.5, 5.75 ],
			"to": [ 8, -0.25, 6 ],
			"faces": {
				"down": { "uv": [ 8.48, 2.48, 9.52, 3.52 ], "texture": "#voxels_palette" },
				"up": { "uv": [ 8.48, 2.48, 9.52, 3.52 ], "texture": "#voxels_palette" },
				"north": { "uv": [ 8.48, 2.48, 9.52, 3.52 ], "texture": "#voxels_palette" },
				"south": { "uv": [ 8.48, 2.48, 9.52, 3.52 ], "texture": "#voxels_palette" },
				"west": { "uv": [ 8.48, 2.48, 9.52, 3.52 ], "texture": "#voxels_palette" },
				"east": { "uv": [ 8.48, 2.48, 9.52, 3.52 ], "texture": "#voxels_palette" }
			}
		},
		{
			"__comment": "Voxels-F5CFA1",
			"from": [ 7.75, -0.5, 6 ],
			"to": [ 8, -0.25, 6.25 ],
			"faces": {
				"down": { "uv": [ 12.48, 2.48, 13.52, 3.52 ], "texture": "#voxels_palette" },
				"up": { "uv": [ 12.48, 2.48, 13.52, 3.52 ], "texture": "#voxels_palette" },
				"north": { "uv": [ 12.48, 2.48, 13.52, 3.52 ], "texture": "#voxels_palette" },
				"south": { "uv": [ 12.48, 2.48, 13.52, 3.52 ], "texture": "#voxels_palette" },
				"west": { "uv": [ 12.48, 2.48, 13.52, 3.52 ], "texture": "#voxels_palette" },
				"east": { "uv": [ 12.48, 2.48, 13.52, 3.52 ], "texture": "#voxels_palette" }
			}
		},
		{
			"__comment": "Voxels-513B3B",
			"from": [ 7.75, -0.5, 6.25 ],
			"to": [ 8, -0.25, 6.5 ],
			"faces": {
				"down": { "uv": [ 4.48, 0.4799995, 5.52, 1.52 ], "texture": "#voxels_palette" },
				"up": { "uv": [ 4.48, 0.4799995, 5.52, 1.52 ], "texture": "#voxels_palette" },
				"north": { "uv": [ 4.48, 0.4799995, 5.52, 1.52 ], "texture": "#voxels_palette" },
				"south": { "uv": [ 4.48, 0.4799995, 5.52, 1.52 ], "texture": "#voxels_palette" },
				"west": { "uv": [ 4.48, 0.4799995, 5.52, 1.52 ], "texture": "#voxels_palette" },
				"east": { "uv": [ 4.48, 0.4799995, 5.52, 1.52 ], "texture": "#voxels_palette" }
			}
		},
		{
			"__comment": "Voxels-382030",
			"from": [ 7.75, -0.5, 6.5 ],
			"to": [ 8, -0.25, 7 ],
			"faces": {
				"down": { "uv": [ 2.48, 0.4799995, 3.52, 1.52 ], "texture": "#voxels_palette" },
				"up": { "uv": [ 2.48, 0.4799995, 3.52, 1.52 ], "texture": "#voxels_palette" },
				"north": { "uv": [ 2.48, 0.4799995, 3.52, 1.52 ], "texture": "#voxels_palette" },
				"south": { "uv": [ 2.48, 0.4799995, 3.52, 1.52 ], "texture": "#voxels_palette" },
				"west": { "uv": [ 2.48, 0.4799995, 3.52, 1.52 ], "texture": "#voxels_palette" },
				"east": { "uv": [ 2.48, 0.4799995, 3.52, 1.52 ], "texture": "#voxels_palette" }
			}
		},
		{
			"__comment": "Voxels-513B3B",
			"from": [ 7.75, -0.5, 7 ],
			"to": [ 8, -0.25, 7.25 ],
			"faces": {
				"down": { "uv": [ 4.48, 0.4799995, 5.52, 1.52 ], "texture": "#voxels_palette" },
				"up": { "uv": [ 4.48, 0.4799995, 5.52, 1.52 ], "texture": "#voxels_palette" },
				"north": { "uv": [ 4.48, 0.4799995, 5.52, 1.52 ], "texture": "#voxels_palette" },
				"south": { "uv": [ 4.48, 0.4799995, 5.52, 1.52 ], "texture": "#voxels_palette" },
				"west": { "uv": [ 4.48, 0.4799995, 5.52, 1.52 ], "texture": "#voxels_palette" },
				"east": { "uv": [ 4.48, 0.4799995, 5.52, 1.52 ], "texture": "#voxels_palette" }
			}
		},
		{
			"__comment": "Voxels-382030",
			"from": [ 7.75, -0.5, 7.25 ],
			"to": [ 8, -0.25, 7.5 ],
			"faces": {
				"down": { "uv": [ 2.48, 0.4799995, 3.52, 1.52 ], "texture": "#voxels_palette" },
				"up": { "uv": [ 2.48, 0.4799995, 3.52, 1.52 ], "texture": "#voxels_palette" },
				"north": { "uv": [ 2.48, 0.4799995, 3.52, 1.52 ], "texture": "#voxels_palette" },
				"south": { "uv": [ 2.48, 0.4799995, 3.52, 1.52 ], "texture": "#voxels_palette" },
				"west": { "uv": [ 2.48, 0.4799995, 3.52, 1.52 ], "texture": "#voxels_palette" },
				"east": { "uv": [ 2.48, 0.4799995, 3.52, 1.52 ], "texture": "#voxels_palette" }
			}
		},
		{
			"__comment": "Voxels-513B3B",
			"from": [ 7.75, -0.5, 7.5 ],
			"to": [ 8, -0.25, 7.75 ],
			"faces": {
				"down": { "uv": [ 4.48, 0.4799995, 5.52, 1.52 ], "texture": "#voxels_palette" },
				"up": { "uv": [ 4.48, 0.4799995, 5.52, 1.52 ], "texture": "#voxels_palette" },
				"north": { "uv": [ 4.48, 0.4799995, 5.52, 1.52 ], "texture": "#voxels_palette" },
				"south": { "uv": [ 4.48, 0.4799995, 5.52, 1.52 ], "texture": "#voxels_palette" },
				"west": { "uv": [ 4.48, 0.4799995, 5.52, 1.52 ], "texture": "#voxels_palette" },
				"east": { "uv": [ 4.48, 0.4799995, 5.52, 1.52 ], "texture": "#voxels_palette" }
			}
		},
		{
			"__comment": "Voxels-382030",
			"from": [ 7.75, -0.5, 7.75 ],
			"to": [ 8, -0.25, 8 ],
			"faces": {
				"down": { "uv": [ 2.48, 0.4799995, 3.52, 1.52 ], "texture": "#voxels_palette" },
				"up": { "uv": [ 2.48, 0.4799995, 3.52, 1.52 ], "texture": "#voxels_palette" },
				"north": { "uv": [ 2.48, 0.4799995, 3.52, 1.52 ], "texture": "#voxels_palette" },
				"south": { "uv": [ 2.48, 0.4799995, 3.52, 1.52 ], "texture": "#voxels_palette" },
				"west": { "uv": [ 2.48, 0.4799995, 3.52, 1.52 ], "texture": "#voxels_palette" },
				"east": { "uv": [ 2.48, 0.4799995, 3.52, 1.52 ], "texture": "#voxels_palette" }
			}
		},
		{
			"__comment": "Voxels-513B3B",
			"from": [ 7.75, -0.5, 8 ],
			"to": [ 8, -0.25, 8.25 ],
			"faces": {
				"down": { "uv": [ 4.48, 0.4799995, 5.52, 1.52 ], "texture": "#voxels_palette" },
				"up": { "uv": [ 4.48, 0.4799995, 5.52, 1.52 ], "texture": "#voxels_palette" },
				"north": { "uv": [ 4.48, 0.4799995, 5.52, 1.52 ], "texture": "#voxels_palette" },
				"south": { "uv": [ 4.48, 0.4799995, 5.52, 1.52 ], "texture": "#voxels_palette" },
				"west": { "uv": [ 4.48, 0.4799995, 5.52, 1.52 ], "texture": "#voxels_palette" },
				"east": { "uv": [ 4.48, 0.4799995, 5.52, 1.52 ], "texture": "#voxels_palette" }
			}
		},
		{
			"__comment": "Voxels-513B3B",
			"from": [ 7.75, -0.25, 4.5 ],
			"to": [ 8, 0, 4.75 ],
			"faces": {
				"down": { "uv": [ 4.48, 0.4799995, 5.52, 1.52 ], "texture": "#voxels_palette" },
				"up": { "uv": [ 4.48, 0.4799995, 5.52, 1.52 ], "texture": "#voxels_palette" },
				"north": { "uv": [ 4.48, 0.4799995, 5.52, 1.52 ], "texture": "#voxels_palette" },
				"south": { "uv": [ 4.48, 0.4799995, 5.52, 1.52 ], "texture": "#voxels_palette" },
				"west": { "uv": [ 4.48, 0.4799995, 5.52, 1.52 ], "texture": "#voxels_palette" },
				"east": { "uv": [ 4.48, 0.4799995, 5.52, 1.52 ], "texture": "#voxels_palette" }
			}
		},
		{
			"__comment": "Voxels-382030",
			"from": [ 7.75, -0.25, 4.75 ],
			"to": [ 8, 0, 5 ],
			"faces": {
				"down": { "uv": [ 2.48, 0.4799995, 3.52, 1.52 ], "texture": "#voxels_palette" },
				"up": { "uv": [ 2.48, 0.4799995, 3.52, 1.52 ], "texture": "#voxels_palette" },
				"north": { "uv": [ 2.48, 0.4799995, 3.52, 1.52 ], "texture": "#voxels_palette" },
				"south": { "uv": [ 2.48, 0.4799995, 3.52, 1.52 ], "texture": "#voxels_palette" },
				"west": { "uv": [ 2.48, 0.4799995, 3.52, 1.52 ], "texture": "#voxels_palette" },
				"east": { "uv": [ 2.48, 0.4799995, 3.52, 1.52 ], "texture": "#voxels_palette" }
			}
		},
		{
			"__comment": "Voxels-513B3B",
			"from": [ 7.75, -0.25, 5.5 ],
			"to": [ 8, 0, 5.75 ],
			"faces": {
				"down": { "uv": [ 4.48, 0.4799995, 5.52, 1.52 ], "texture": "#voxels_palette" },
				"up": { "uv": [ 4.48, 0.4799995, 5.52, 1.52 ], "texture": "#voxels_palette" },
				"north": { "uv": [ 4.48, 0.4799995, 5.52, 1.52 ], "texture": "#voxels_palette" },
				"south": { "uv": [ 4.48, 0.4799995, 5.52, 1.52 ], "texture": "#voxels_palette" },
				"west": { "uv": [ 4.48, 0.4799995, 5.52, 1.52 ], "texture": "#voxels_palette" },
				"east": { "uv": [ 4.48, 0.4799995, 5.52, 1.52 ], "texture": "#voxels_palette" }
			}
		},
		{
			"__comment": "Voxels-915738",
			"from": [ 7.75, -0.25, 5.75 ],
			"to": [ 8, 0, 6 ],
			"faces": {
				"down": { "uv": [ 6.48, 2.48, 7.52, 3.52 ], "texture": "#voxels_palette" },
				"up": { "uv": [ 6.48, 2.48, 7.52, 3.52 ], "texture": "#voxels_palette" },
				"north": { "uv": [ 6.48, 2.48, 7.52, 3.52 ], "texture": "#voxels_palette" },
				"south": { "uv": [ 6.48, 2.48, 7.52, 3.52 ], "texture": "#voxels_palette" },
				"west": { "uv": [ 6.48, 2.48, 7.52, 3.52 ], "texture": "#voxels_palette" },
				"east": { "uv": [ 6.48, 2.48, 7.52, 3.52 ], "texture": "#voxels_palette" }
			}
		},
		{
			"__comment": "Voxels-F9C4A1",
			"from": [ 7.75, -0.25, 6 ],
			"to": [ 8, 0, 6.25 ],
			"faces": {
				"down": { "uv": [ 10.48, 4.48, 11.52, 5.52 ], "texture": "#voxels_palette" },
				"up": { "uv": [ 10.48, 4.48, 11.52, 5.52 ], "texture": "#voxels_palette" },
				"north": { "uv": [ 10.48, 4.48, 11.52, 5.52 ], "texture": "#voxels_palette" },
				"south": { "uv": [ 10.48, 4.48, 11.52, 5.52 ], "texture": "#voxels_palette" },
				"west": { "uv": [ 10.48, 4.48, 11.52, 5.52 ], "texture": "#voxels_palette" },
				"east": { "uv": [ 10.48, 4.48, 11.52, 5.52 ], "texture": "#voxels_palette" }
			}
		},
		{
			"__comment": "Voxels-F5CFA1",
			"from": [ 7.75, -0.25, 6.25 ],
			"to": [ 8, 0, 6.75 ],
			"faces": {
				"down": { "uv": [ 12.48, 2.48, 13.52, 3.52 ], "texture": "#voxels_palette" },
				"up": { "uv": [ 12.48, 2.48, 13.52, 3.52 ], "texture": "#voxels_palette" },
				"north": { "uv": [ 12.48, 2.48, 13.52, 3.52 ], "texture": "#voxels_palette" },
				"south": { "uv": [ 12.48, 2.48, 13.52, 3.52 ], "texture": "#voxels_palette" },
				"west": { "uv": [ 12.48, 2.48, 13.52, 3.52 ], "texture": "#voxels_palette" },
				"east": { "uv": [ 12.48, 2.48, 13.52, 3.52 ], "texture": "#voxels_palette" }
			}
		},
		{
			"__comment": "Voxels-F9C4A1",
			"from": [ 7.75, -0.25, 6.75 ],
			"to": [ 8, 0, 7.25 ],
			"faces": {
				"down": { "uv": [ 10.48, 4.48, 11.52, 5.52 ], "texture": "#voxels_palette" },
				"up": { "uv": [ 10.48, 4.48, 11.52, 5.52 ], "texture": "#voxels_palette" },
				"north": { "uv": [ 10.48, 4.48, 11.52, 5.52 ], "texture": "#voxels_palette" },
				"south": { "uv": [ 10.48, 4.48, 11.52, 5.52 ], "texture": "#voxels_palette" },
				"west": { "uv": [ 10.48, 4.48, 11.52, 5.52 ], "texture": "#voxels_palette" },
				"east": { "uv": [ 10.48, 4.48, 11.52, 5.52 ], "texture": "#voxels_palette" }
			}
		},
		{
			"__comment": "Voxels-F5CFA1",
			"from": [ 7.75, -0.25, 7.25 ],
			"to": [ 8, 0, 7.5 ],
			"faces": {
				"down": { "uv": [ 12.48, 2.48, 13.52, 3.52 ], "texture": "#voxels_palette" },
				"up": { "uv": [ 12.48, 2.48, 13.52, 3.52 ], "texture": "#voxels_palette" },
				"north": { "uv": [ 12.48, 2.48, 13.52, 3.52 ], "texture": "#voxels_palette" },
				"south": { "uv": [ 12.48, 2.48, 13.52, 3.52 ], "texture": "#voxels_palette" },
				"west": { "uv": [ 12.48, 2.48, 13.52, 3.52 ], "texture": "#voxels_palette" },
				"east": { "uv": [ 12.48, 2.48, 13.52, 3.52 ], "texture": "#voxels_palette" }
			}
		},
		{
			"__comment": "Voxels-F9C4A1",
			"from": [ 7.75, -0.25, 7.5 ],
			"to": [ 8, 0, 7.75 ],
			"faces": {
				"down": { "uv": [ 10.48, 4.48, 11.52, 5.52 ], "texture": "#voxels_palette" },
				"up": { "uv": [ 10.48, 4.48, 11.52, 5.52 ], "texture": "#voxels_palette" },
				"north": { "uv": [ 10.48, 4.48, 11.52, 5.52 ], "texture": "#voxels_palette" },
				"south": { "uv": [ 10.48, 4.48, 11.52, 5.52 ], "texture": "#voxels_palette" },
				"west": { "uv": [ 10.48, 4.48, 11.52, 5.52 ], "texture": "#voxels_palette" },
				"east": { "uv": [ 10.48, 4.48, 11.52, 5.52 ], "texture": "#voxels_palette" }
			}
		},
		{
			"__comment": "Voxels-D49159",
			"from": [ 7.75, -0.25, 7.75 ],
			"to": [ 8, 0, 8 ],
			"faces": {
				"down": { "uv": [ 8.48, 2.48, 9.52, 3.52 ], "texture": "#voxels_palette" },
				"up": { "uv": [ 8.48, 2.48, 9.52, 3.52 ], "texture": "#voxels_palette" },
				"north": { "uv": [ 8.48, 2.48, 9.52, 3.52 ], "texture": "#voxels_palette" },
				"south": { "uv": [ 8.48, 2.48, 9.52, 3.52 ], "texture": "#voxels_palette" },
				"west": { "uv": [ 8.48, 2.48, 9.52, 3.52 ], "texture": "#voxels_palette" },
				"east": { "uv": [ 8.48, 2.48, 9.52, 3.52 ], "texture": "#voxels_palette" }
			}
		},
		{
			"__comment": "Voxels-9A6A1F",
			"from": [ 7.75, -0.25, 8 ],
			"to": [ 8, 0.25, 8.25 ],
			"faces": {
				"down": { "uv": [ 8.48, 4.48, 9.52, 5.52 ], "texture": "#voxels_palette" },
				"up": { "uv": [ 8.48, 4.48, 9.52, 5.52 ], "texture": "#voxels_palette" },
				"north": { "uv": [ 8.48, 4.48, 9.52, 5.52 ], "texture": "#voxels_palette" },
				"south": { "uv": [ 8.48, 4.48, 9.52, 5.52 ], "texture": "#voxels_palette" },
				"west": { "uv": [ 8.48, 4.48, 9.52, 5.52 ], "texture": "#voxels_palette" },
				"east": { "uv": [ 8.48, 4.48, 9.52, 5.52 ], "texture": "#voxels_palette" }
			}
		},
		{
			"__comment": "Voxels-382030",
			"from": [ 7.75, -0.25, 8.25 ],
			"to": [ 8, 0, 8.5 ],
			"faces": {
				"down": { "uv": [ 2.48, 0.4799995, 3.52, 1.52 ], "texture": "#voxels_palette" },
				"up": { "uv": [ 2.48, 0.4799995, 3.52, 1.52 ], "texture": "#voxels_palette" },
				"north": { "uv": [ 2.48, 0.4799995, 3.52, 1.52 ], "texture": "#voxels_palette" },
				"south": { "uv": [ 2.48, 0.4799995, 3.52, 1.52 ], "texture": "#voxels_palette" },
				"west": { "uv": [ 2.48, 0.4799995, 3.52, 1.52 ], "texture": "#voxels_palette" },
				"east": { "uv": [ 2.48, 0.4799995, 3.52, 1.52 ], "texture": "#voxels_palette" }
			}
		},
		{
			"__comment": "Voxels-382030",
			"from": [ 7.75, 0, 4.25 ],
			"to": [ 8, 0.25, 4.5 ],
			"faces": {
				"down": { "uv": [ 2.48, 0.4799995, 3.52, 1.52 ], "texture": "#voxels_palette" },
				"up": { "uv": [ 2.48, 0.4799995, 3.52, 1.52 ], "texture": "#voxels_palette" },
				"north": { "uv": [ 2.48, 0.4799995, 3.52, 1.52 ], "texture": "#voxels_palette" },
				"south": { "uv": [ 2.48, 0.4799995, 3.52, 1.52 ], "texture": "#voxels_palette" },
				"west": { "uv": [ 2.48, 0.4799995, 3.52, 1.52 ], "texture": "#voxels_palette" },
				"east": { "uv": [ 2.48, 0.4799995, 3.52, 1.52 ], "texture": "#voxels_palette" }
			}
		},
		{
			"__comment": "Voxels-E49B3A",
			"from": [ 7.75, 0, 4.5 ],
			"to": [ 8, 0.25, 4.75 ],
			"faces": {
				"down": { "uv": [ 12.48, 0.4799995, 13.52, 1.52 ], "texture": "#voxels_palette" },
				"up": { "uv": [ 12.48, 0.4799995, 13.52, 1.52 ], "texture": "#voxels_palette" },
				"north": { "uv": [ 12.48, 0.4799995, 13.52, 1.52 ], "texture": "#voxels_palette" },
				"south": { "uv": [ 12.48, 0.4799995, 13.52, 1.52 ], "texture": "#voxels_palette" },
				"west": { "uv": [ 12.48, 0.4799995, 13.52, 1.52 ], "texture": "#voxels_palette" },
				"east": { "uv": [ 12.48, 0.4799995, 13.52, 1.52 ], "texture": "#voxels_palette" }
			}
		},
		{
			"__comment": "Voxels-CE6632",
			"from": [ 7.75, 0, 4.75 ],
			"to": [ 8, 0.25, 5 ],
			"faces": {
				"down": { "uv": [ 8.48, 0.4799995, 9.52, 1.52 ], "texture": "#voxels_palette" },
				"up": { "uv": [ 8.48, 0.4799995, 9.52, 1.52 ], "texture": "#voxels_palette" },
				"north": { "uv": [ 8.48, 0.4799995, 9.52, 1.52 ], "texture": "#voxels_palette" },
				"south": { "uv": [ 8.48, 0.4799995, 9.52, 1.52 ], "texture": "#voxels_palette" },
				"west": { "uv": [ 8.48, 0.4799995, 9.52, 1.52 ], "texture": "#voxels_palette" },
				"east": { "uv": [ 8.48, 0.4799995, 9.52, 1.52 ], "texture": "#voxels_palette" }
			}
		},
		{
			"__comment": "Voxels-513B3B",
			"from": [ 7.75, 0, 5 ],
			"to": [ 8, 0.25, 5.25 ],
			"faces": {
				"down": { "uv": [ 4.48, 0.4799995, 5.52, 1.52 ], "texture": "#voxels_palette" },
				"up": { "uv": [ 4.48, 0.4799995, 5.52, 1.52 ], "texture": "#voxels_palette" },
				"north": { "uv": [ 4.48, 0.4799995, 5.52, 1.52 ], "texture": "#voxels_palette" },
				"south": { "uv": [ 4.48, 0.4799995, 5.52, 1.52 ], "texture": "#voxels_palette" },
				"west": { "uv": [ 4.48, 0.4799995, 5.52, 1.52 ], "texture": "#voxels_palette" },
				"east": { "uv": [ 4.48, 0.4799995, 5.52, 1.52 ], "texture": "#voxels_palette" }
			}
		},
		{
			"__comment": "Voxels-343838",
			"from": [ 7.75, 0, 5.25 ],
			"to": [ 8, 0.25, 5.5 ],
			"faces": {
				"down": { "uv": [ 0.48, 2.48, 1.52, 3.52 ], "texture": "#voxels_palette" },
				"up": { "uv": [ 0.48, 2.48, 1.52, 3.52 ], "texture": "#voxels_palette" },
				"north": { "uv": [ 0.48, 2.48, 1.52, 3.52 ], "texture": "#voxels_palette" },
				"south": { "uv": [ 0.48, 2.48, 1.52, 3.52 ], "texture": "#voxels_palette" },
				"west": { "uv": [ 0.48, 2.48, 1.52, 3.52 ], "texture": "#voxels_palette" },
				"east": { "uv": [ 0.48, 2.48, 1.52, 3.52 ], "texture": "#voxels_palette" }
			}
		},
		{
			"__comment": "Voxels-382030",
			"from": [ 7.75, 0, 5.5 ],
			"to": [ 8, 0.25, 6 ],
			"faces": {
				"down": { "uv": [ 2.48, 0.4799995, 3.52, 1.52 ], "texture": "#voxels_palette" },
				"up": { "uv": [ 2.48, 0.4799995, 3.52, 1.52 ], "texture": "#voxels_palette" },
				"north": { "uv": [ 2.48, 0.4799995, 3.52, 1.52 ], "texture": "#voxels_palette" },
				"south": { "uv": [ 2.48, 0.4799995, 3.52, 1.52 ], "texture": "#voxels_palette" },
				"west": { "uv": [ 2.48, 0.4799995, 3.52, 1.52 ], "texture": "#voxels_palette" },
				"east": { "uv": [ 2.48, 0.4799995, 3.52, 1.52 ], "texture": "#voxels_palette" }
			}
		},
		{
			"__comment": "Voxels-F5CFA1",
			"from": [ 7.75, 0, 6 ],
			"to": [ 8, 0.25, 6.25 ],
			"faces": {
				"down": { "uv": [ 12.48, 2.48, 13.52, 3.52 ], "texture": "#voxels_palette" },
				"up": { "uv": [ 12.48, 2.48, 13.52, 3.52 ], "texture": "#voxels_palette" },
				"north": { "uv": [ 12.48, 2.48, 13.52, 3.52 ], "texture": "#voxels_palette" },
				"south": { "uv": [ 12.48, 2.48, 13.52, 3.52 ], "texture": "#voxels_palette" },
				"west": { "uv": [ 12.48, 2.48, 13.52, 3.52 ], "texture": "#voxels_palette" },
				"east": { "uv": [ 12.48, 2.48, 13.52, 3.52 ], "texture": "#voxels_palette" }
			}
		},
		{
			"__comment": "Voxels-D49159",
			"from": [ 7.75, 0, 6.25 ],
			"to": [ 8, 0.25, 6.5 ],
			"faces": {
				"down": { "uv": [ 8.48, 2.48, 9.52, 3.52 ], "texture": "#voxels_palette" },
				"up": { "uv": [ 8.48, 2.48, 9.52, 3.52 ], "texture": "#voxels_palette" },
				"north": { "uv": [ 8.48, 2.48, 9.52, 3.52 ], "texture": "#voxels_palette" },
				"south": { "uv": [ 8.48, 2.48, 9.52, 3.52 ], "texture": "#voxels_palette" },
				"west": { "uv": [ 8.48, 2.48, 9.52, 3.52 ], "texture": "#voxels_palette" },
				"east": { "uv": [ 8.48, 2.48, 9.52, 3.52 ], "texture": "#voxels_palette" }
			}
		},
		{
			"__comment": "Voxels-915738",
			"from": [ 7.75, 0, 6.5 ],
			"to": [ 8, 0.25, 8 ],
			"faces": {
				"down": { "uv": [ 6.48, 2.48, 7.52, 3.52 ], "texture": "#voxels_palette" },
				"up": { "uv": [ 6.48, 2.48, 7.52, 3.52 ], "texture": "#voxels_palette" },
				"north": { "uv": [ 6.48, 2.48, 7.52, 3.52 ], "texture": "#voxels_palette" },
				"south": { "uv": [ 6.48, 2.48, 7.52, 3.52 ], "texture": "#voxels_palette" },
				"west": { "uv": [ 6.48, 2.48, 7.52, 3.52 ], "texture": "#voxels_palette" },
				"east": { "uv": [ 6.48, 2.48, 7.52, 3.52 ], "texture": "#voxels_palette" }
			}
		},
		{
			"__comment": "Voxels-513B3B",
			"from": [ 7.75, 0, 8.25 ],
			"to": [ 8, 0.25, 8.5 ],
			"faces": {
				"down": { "uv": [ 4.48, 0.4799995, 5.52, 1.52 ], "texture": "#voxels_palette" },
				"up": { "uv": [ 4.48, 0.4799995, 5.52, 1.52 ], "texture": "#voxels_palette" },
				"north": { "uv": [ 4.48, 0.4799995, 5.52, 1.52 ], "texture": "#voxels_palette" },
				"south": { "uv": [ 4.48, 0.4799995, 5.52, 1.52 ], "texture": "#voxels_palette" },
				"west": { "uv": [ 4.48, 0.4799995, 5.52, 1.52 ], "texture": "#voxels_palette" },
				"east": { "uv": [ 4.48, 0.4799995, 5.52, 1.52 ], "texture": "#voxels_palette" }
			}
		},
		{
			"__comment": "Voxels-513B3B",
			"from": [ 7.75, 0.25, 4 ],
			"to": [ 8, 0.5, 4.25 ],
			"faces": {
				"down": { "uv": [ 4.48, 0.4799995, 5.52, 1.52 ], "texture": "#voxels_palette" },
				"up": { "uv": [ 4.48, 0.4799995, 5.52, 1.52 ], "texture": "#voxels_palette" },
				"north": { "uv": [ 4.48, 0.4799995, 5.52, 1.52 ], "texture": "#voxels_palette" },
				"south": { "uv": [ 4.48, 0.4799995, 5.52, 1.52 ], "texture": "#voxels_palette" },
				"west": { "uv": [ 4.48, 0.4799995, 5.52, 1.52 ], "texture": "#voxels_palette" },
				"east": { "uv": [ 4.48, 0.4799995, 5.52, 1.52 ], "texture": "#voxels_palette" }
			}
		},
		{
			"__comment": "Voxels-E49B3A",
			"from": [ 7.75, 0.25, 4.25 ],
			"to": [ 8, 0.5, 4.5 ],
			"faces": {
				"down": { "uv": [ 12.48, 0.4799995, 13.52, 1.52 ], "texture": "#voxels_palette" },
				"up": { "uv": [ 12.48, 0.4799995, 13.52, 1.52 ], "texture": "#voxels_palette" },
				"north": { "uv": [ 12.48, 0.4799995, 13.52, 1.52 ], "texture": "#voxels_palette" },
				"south": { "uv": [ 12.48, 0.4799995, 13.52, 1.52 ], "texture": "#voxels_palette" },
				"west": { "uv": [ 12.48, 0.4799995, 13.52, 1.52 ], "texture": "#voxels_palette" },
				"east": { "uv": [ 12.48, 0.4799995, 13.52, 1.52 ], "texture": "#voxels_palette" }
			}
		},
		{
			"__comment": "Voxels-F7AB4F",
			"from": [ 7.75, 0.25, 4.5 ],
			"to": [ 8, 0.5, 4.75 ],
			"faces": {
				"down": { "uv": [ 4.48, 2.48, 5.52, 3.52 ], "texture": "#voxels_palette" },
				"up": { "uv": [ 4.48, 2.48, 5.52, 3.52 ], "texture": "#voxels_palette" },
				"north": { "uv": [ 4.48, 2.48, 5.52, 3.52 ], "texture": "#voxels_palette" },
				"south": { "uv": [ 4.48, 2.48, 5.52, 3.52 ], "texture": "#voxels_palette" },
				"west": { "uv": [ 4.48, 2.48, 5.52, 3.52 ], "texture": "#voxels_palette" },
				"east": { "uv": [ 4.48, 2.48, 5.52, 3.52 ], "texture": "#voxels_palette" }
			}
		},
		{
			"__comment": "Voxels-A43B20",
			"from": [ 7.75, 0.25, 4.75 ],
			"to": [ 8, 0.5, 5 ],
			"faces": {
				"down": { "uv": [ 10.48, 0.4799995, 11.52, 1.52 ], "texture": "#voxels_palette" },
				"up": { "uv": [ 10.48, 0.4799995, 11.52, 1.52 ], "texture": "#voxels_palette" },
				"north": { "uv": [ 10.48, 0.4799995, 11.52, 1.52 ], "texture": "#voxels_palette" },
				"south": { "uv": [ 10.48, 0.4799995, 11.52, 1.52 ], "texture": "#voxels_palette" },
				"west": { "uv": [ 10.48, 0.4799995, 11.52, 1.52 ], "texture": "#voxels_palette" },
				"east": { "uv": [ 10.48, 0.4799995, 11.52, 1.52 ], "texture": "#voxels_palette" }
			}
		},
		{
			"__comment": "Voxels-907E7E",
			"from": [ 7.75, 0.25, 5 ],
			"to": [ 8, 0.5, 5.25 ],
			"faces": {
				"down": { "uv": [ 0.48, 4.48, 1.52, 5.52 ], "texture": "#voxels_palette" },
				"up": { "uv": [ 0.48, 4.48, 1.52, 5.52 ], "texture": "#voxels_palette" },
				"north": { "uv": [ 0.48, 4.48, 1.52, 5.52 ], "texture": "#voxels_palette" },
				"south": { "uv": [ 0.48, 4.48, 1.52, 5.52 ], "texture": "#voxels_palette" },
				"west": { "uv": [ 0.48, 4.48, 1.52, 5.52 ], "texture": "#voxels_palette" },
				"east": { "uv": [ 0.48, 4.48, 1.52, 5.52 ], "texture": "#voxels_palette" }
			}
		},
		{
			"__comment": "Voxels-866F5E",
			"from": [ 7.75, 0.25, 5.25 ],
			"to": [ 8, 0.5, 5.5 ],
			"faces": {
				"down": { "uv": [ 2.48, 4.48, 3.52, 5.52 ], "texture": "#voxels_palette" },
				"up": { "uv": [ 2.48, 4.48, 3.52, 5.52 ], "texture": "#voxels_palette" },
				"north": { "uv": [ 2.48, 4.48, 3.52, 5.52 ], "texture": "#voxels_palette" },
				"south": { "uv": [ 2.48, 4.48, 3.52, 5.52 ], "texture": "#voxels_palette" },
				"west": { "uv": [ 2.48, 4.48, 3.52, 5.52 ], "texture": "#voxels_palette" },
				"east": { "uv": [ 2.48, 4.48, 3.52, 5.52 ], "texture": "#voxels_palette" }
			}
		},
		{
			"__comment": "Voxels-CFBD9C",
			"from": [ 7.75, 0.25, 5.5 ],
			"to": [ 8, 0.5, 5.75 ],
			"faces": {
				"down": { "uv": [ 4.48, 4.48, 5.52, 5.52 ], "texture": "#voxels_palette" },
				"up": { "uv": [ 4.48, 4.48, 5.52, 5.52 ], "texture": "#voxels_palette" },
				"north": { "uv": [ 4.48, 4.48, 5.52, 5.52 ], "texture": "#voxels_palette" },
				"south": { "uv": [ 4.48, 4.48, 5.52, 5.52 ], "texture": "#voxels_palette" },
				"west": { "uv": [ 4.48, 4.48, 5.52, 5.52 ], "texture": "#voxels_palette" },
				"east": { "uv": [ 4.48, 4.48, 5.52, 5.52 ], "texture": "#voxels_palette" }
			}
		},
		{
			"__comment": "Voxels-343838",
			"from": [ 7.75, 0.25, 5.75 ],
			"to": [ 8, 0.5, 6 ],
			"faces": {
				"down": { "uv": [ 0.48, 2.48, 1.52, 3.52 ], "texture": "#voxels_palette" },
				"up": { "uv": [ 0.48, 2.48, 1.52, 3.52 ], "texture": "#voxels_palette" },
				"north": { "uv": [ 0.48, 2.48, 1.52, 3.52 ], "texture": "#voxels_palette" },
				"south": { "uv": [ 0.48, 2.48, 1.52, 3.52 ], "texture": "#voxels_palette" },
				"west": { "uv": [ 0.48, 2.48, 1.52, 3.52 ], "texture": "#voxels_palette" },
				"east": { "uv": [ 0.48, 2.48, 1.52, 3.52 ], "texture": "#voxels_palette" }
			}
		},
		{
			"__comment": "Voxels-F9C4A1",
			"from": [ 7.75, 0.25, 6 ],
			"to": [ 8, 0.75, 6.25 ],
			"faces": {
				"down": { "uv": [ 10.48, 4.48, 11.52, 5.52 ], "texture": "#voxels_palette" },
				"up": { "uv": [ 10.48, 4.48, 11.52, 5.52 ], "texture": "#voxels_palette" },
				"north": { "uv": [ 10.48, 4.48, 11.52, 5.52 ], "texture": "#voxels_palette" },
				"south": { "uv": [ 10.48, 4.48, 11.52, 5.52 ], "texture": "#voxels_palette" },
				"west": { "uv": [ 10.48, 4.48, 11.52, 5.52 ], "texture": "#voxels_palette" },
				"east": { "uv": [ 10.48, 4.48, 11.52, 5.52 ], "texture": "#voxels_palette" }
			}
		},
		{
			"__comment": "Voxels-915738",
			"from": [ 7.75, 0.25, 6.25 ],
			"to": [ 8, 2, 6.5 ],
			"faces": {
				"down": { "uv": [ 6.48, 2.48, 7.52, 3.52 ], "texture": "#voxels_palette" },
				"up": { "uv": [ 6.48, 2.48, 7.52, 3.52 ], "texture": "#voxels_palette" },
				"north": { "uv": [ 6.48, 2.48, 7.52, 3.52 ], "texture": "#voxels_palette" },
				"south": { "uv": [ 6.48, 2.48, 7.52, 3.52 ], "texture": "#voxels_palette" },
				"west": { "uv": [ 6.48, 2.48, 7.52, 3.52 ], "texture": "#voxels_palette" },
				"east": { "uv": [ 6.48, 2.48, 7.52, 3.52 ], "texture": "#voxels_palette" }
			}
		},
		{
			"__comment": "Voxels-382030",
			"from": [ 7.75, 0.25, 6.5 ],
			"to": [ 8, 0.5, 6.75 ],
			"faces": {
				"down": { "uv": [ 2.48, 0.4799995, 3.52, 1.52 ], "texture": "#voxels_palette" },
				"up": { "uv": [ 2.48, 0.4799995, 3.52, 1.52 ], "texture": "#voxels_palette" },
				"north": { "uv": [ 2.48, 0.4799995, 3.52, 1.52 ], "texture": "#voxels_palette" },
				"south": { "uv": [ 2.48, 0.4799995, 3.52, 1.52 ], "texture": "#voxels_palette" },
				"west": { "uv": [ 2.48, 0.4799995, 3.52, 1.52 ], "texture": "#voxels_palette" },
				"east": { "uv": [ 2.48, 0.4799995, 3.52, 1.52 ], "texture": "#voxels_palette" }
			}
		},
		{
			"__comment": "Voxels-513B3B",
			"from": [ 7.75, 0.25, 6.75 ],
			"to": [ 8, 0.5, 7 ],
			"faces": {
				"down": { "uv": [ 4.48, 0.4799995, 5.52, 1.52 ], "texture": "#voxels_palette" },
				"up": { "uv": [ 4.48, 0.4799995, 5.52, 1.52 ], "texture": "#voxels_palette" },
				"north": { "uv": [ 4.48, 0.4799995, 5.52, 1.52 ], "texture": "#voxels_palette" },
				"south": { "uv": [ 4.48, 0.4799995, 5.52, 1.52 ], "texture": "#voxels_palette" },
				"west": { "uv": [ 4.48, 0.4799995, 5.52, 1.52 ], "texture": "#voxels_palette" },
				"east": { "uv": [ 4.48, 0.4799995, 5.52, 1.52 ], "texture": "#voxels_palette" }
			}
		},
		{
			"__comment": "Voxels-382030",
			"from": [ 7.75, 0.25, 7 ],
			"to": [ 8, 0.5, 7.25 ],
			"faces": {
				"down": { "uv": [ 2.48, 0.4799995, 3.52, 1.52 ], "texture": "#voxels_palette" },
				"up": { "uv": [ 2.48, 0.4799995, 3.52, 1.52 ], "texture": "#voxels_palette" },
				"north": { "uv": [ 2.48, 0.4799995, 3.52, 1.52 ], "texture": "#voxels_palette" },
				"south": { "uv": [ 2.48, 0.4799995, 3.52, 1.52 ], "texture": "#voxels_palette" },
				"west": { "uv": [ 2.48, 0.4799995, 3.52, 1.52 ], "texture": "#voxels_palette" },
				"east": { "uv": [ 2.48, 0.4799995, 3.52, 1.52 ], "texture": "#voxels_palette" }
			}
		},
		{
			"__comment": "Voxels-513B3B",
			"from": [ 7.75, 0.25, 7.25 ],
			"to": [ 8, 0.5, 7.5 ],
			"faces": {
				"down": { "uv": [ 4.48, 0.4799995, 5.52, 1.52 ], "texture": "#voxels_palette" },
				"up": { "uv": [ 4.48, 0.4799995, 5.52, 1.52 ], "texture": "#voxels_palette" },
				"north": { "uv": [ 4.48, 0.4799995, 5.52, 1.52 ], "texture": "#voxels_palette" },
				"south": { "uv": [ 4.48, 0.4799995, 5.52, 1.52 ], "texture": "#voxels_palette" },
				"west": { "uv": [ 4.48, 0.4799995, 5.52, 1.52 ], "texture": "#voxels_palette" },
				"east": { "uv": [ 4.48, 0.4799995, 5.52, 1.52 ], "texture": "#voxels_palette" }
			}
		},
		{
			"__comment": "Voxels-AFAFAF",
			"from": [ 7.75, 0.25, 7.5 ],
			"to": [ 8, 0.5, 7.75 ],
			"faces": {
				"down": { "uv": [ 12.48, 4.48, 13.52, 5.52 ], "texture": "#voxels_palette" },
				"up": { "uv": [ 12.48, 4.48, 13.52, 5.52 ], "texture": "#voxels_palette" },
				"north": { "uv": [ 12.48, 4.48, 13.52, 5.52 ], "texture": "#voxels_palette" },
				"south": { "uv": [ 12.48, 4.48, 13.52, 5.52 ], "texture": "#voxels_palette" },
				"west": { "uv": [ 12.48, 4.48, 13.52, 5.52 ], "texture": "#voxels_palette" },
				"east": { "uv": [ 12.48, 4.48, 13.52, 5.52 ], "texture": "#voxels_palette" }
			}
		},
		{
			"__comment": "Voxels-FFFFFF",
			"from": [ 7.75, 0.25, 7.75 ],
			"to": [ 8, 0.5, 8 ],
			"faces": {
				"down": { "uv": [ 10.48, 2.48, 11.52, 3.52 ], "texture": "#voxels_palette" },
				"up": { "uv": [ 10.48, 2.48, 11.52, 3.52 ], "texture": "#voxels_palette" },
				"north": { "uv": [ 10.48, 2.48, 11.52, 3.52 ], "texture": "#voxels_palette" },
				"south": { "uv": [ 10.48, 2.48, 11.52, 3.52 ], "texture": "#voxels_palette" },
				"west": { "uv": [ 10.48, 2.48, 11.52, 3.52 ], "texture": "#voxels_palette" },
				"east": { "uv": [ 10.48, 2.48, 11.52, 3.52 ], "texture": "#voxels_palette" }
			}
		},
		{
			"__comment": "Voxels-382030",
			"from": [ 7.75, 0.25, 8 ],
			"to": [ 8, 0.5, 8.25 ],
			"faces": {
				"down": { "uv": [ 2.48, 0.4799995, 3.52, 1.52 ], "texture": "#voxels_palette" },
				"up": { "uv": [ 2.48, 0.4799995, 3.52, 1.52 ], "texture": "#voxels_palette" },
				"north": { "uv": [ 2.48, 0.4799995, 3.52, 1.52 ], "texture": "#voxels_palette" },
				"south": { "uv": [ 2.48, 0.4799995, 3.52, 1.52 ], "texture": "#voxels_palette" },
				"west": { "uv": [ 2.48, 0.4799995, 3.52, 1.52 ], "texture": "#voxels_palette" },
				"east": { "uv": [ 2.48, 0.4799995, 3.52, 1.52 ], "texture": "#voxels_palette" }
			}
		},
		{
			"__comment": "Voxels-382030",
			"from": [ 7.75, 0.5, 3.75 ],
			"to": [ 8, 0.75, 4 ],
			"faces": {
				"down": { "uv": [ 2.48, 0.4799995, 3.52, 1.52 ], "texture": "#voxels_palette" },
				"up": { "uv": [ 2.48, 0.4799995, 3.52, 1.52 ], "texture": "#voxels_palette" },
				"north": { "uv": [ 2.48, 0.4799995, 3.52, 1.52 ], "texture": "#voxels_palette" },
				"south": { "uv": [ 2.48, 0.4799995, 3.52, 1.52 ], "texture": "#voxels_palette" },
				"west": { "uv": [ 2.48, 0.4799995, 3.52, 1.52 ], "texture": "#voxels_palette" },
				"east": { "uv": [ 2.48, 0.4799995, 3.52, 1.52 ], "texture": "#voxels_palette" }
			}
		},
		{
			"__comment": "Voxels-DA803C",
			"from": [ 7.75, 0.5, 4 ],
			"to": [ 8, 0.75, 4.25 ],
			"faces": {
				"down": { "uv": [ 14.48, 0.4799995, 15.52, 1.52 ], "texture": "#voxels_palette" },
				"up": { "uv": [ 14.48, 0.4799995, 15.52, 1.52 ], "texture": "#voxels_palette" },
				"north": { "uv": [ 14.48, 0.4799995, 15.52, 1.52 ], "texture": "#voxels_palette" },
				"south": { "uv": [ 14.48, 0.4799995, 15.52, 1.52 ], "texture": "#voxels_palette" },
				"west": { "uv": [ 14.48, 0.4799995, 15.52, 1.52 ], "texture": "#voxels_palette" },
				"east": { "uv": [ 14.48, 0.4799995, 15.52, 1.52 ], "texture": "#voxels_palette" }
			}
		},
		{
			"__comment": "Voxels-F7AB4F",
			"from": [ 7.75, 0.5, 4.25 ],
			"to": [ 8, 0.75, 4.5 ],
			"faces": {
				"down": { "uv": [ 4.48, 2.48, 5.52, 3.52 ], "texture": "#voxels_palette" },
				"up": { "uv": [ 4.48, 2.48, 5.52, 3.52 ], "texture": "#voxels_palette" },
				"north": { "uv": [ 4.48, 2.48, 5.52, 3.52 ], "texture": "#voxels_palette" },
				"south": { "uv": [ 4.48, 2.48, 5.52, 3.52 ], "texture": "#voxels_palette" },
				"west": { "uv": [ 4.48, 2.48, 5.52, 3.52 ], "texture": "#voxels_palette" },
				"east": { "uv": [ 4.48, 2.48, 5.52, 3.52 ], "texture": "#voxels_palette" }
			}
		},
		{
			"__comment": "Voxels-A43B20",
			"from": [ 7.75, 0.5, 4.5 ],
			"to": [ 8, 0.75, 4.75 ],
			"faces": {
				"down": { "uv": [ 10.48, 0.4799995, 11.52, 1.52 ], "texture": "#voxels_palette" },
				"up": { "uv": [ 10.48, 0.4799995, 11.52, 1.52 ], "texture": "#voxels_palette" },
				"north": { "uv": [ 10.48, 0.4799995, 11.52, 1.52 ], "texture": "#voxels_palette" },
				"south": { "uv": [ 10.48, 0.4799995, 11.52, 1.52 ], "texture": "#voxels_palette" },
				"west": { "uv": [ 10.48, 0.4799995, 11.52, 1.52 ], "texture": "#voxels_palette" },
				"east": { "uv": [ 10.48, 0.4799995, 11.52, 1.52 ], "texture": "#voxels_palette" }
			}
		},
		{
			"__comment": "Voxels-513B3B",
			"from": [ 7.75, 0.5, 4.75 ],
			"to": [ 8, 0.75, 5 ],
			"faces": {
				"down": { "uv": [ 4.48, 0.4799995, 5.52, 1.52 ], "texture": "#voxels_palette" },
				"up": { "uv": [ 4.48, 0.4799995, 5.52, 1.52 ], "texture": "#voxels_palette" },
				"north": { "uv": [ 4.48, 0.4799995, 5.52, 1.52 ], "texture": "#voxels_palette" },
				"south": { "uv": [ 4.48, 0.4799995, 5.52, 1.52 ], "texture": "#voxels_palette" },
				"west": { "uv": [ 4.48, 0.4799995, 5.52, 1.52 ], "texture": "#voxels_palette" },
				"east": { "uv": [ 4.48, 0.4799995, 5.52, 1.52 ], "texture": "#voxels_palette" }
			}
		},
		{
			"__comment": "Voxels-382030",
			"from": [ 7.75, 0.5, 5 ],
			"to": [ 8, 0.75, 5.5 ],
			"faces": {
				"down": { "uv": [ 2.48, 0.4799995, 3.52, 1.52 ], "texture": "#voxels_palette" },
				"up": { "uv": [ 2.48, 0.4799995, 3.52, 1.52 ], "texture": "#voxels_palette" },
				"north": { "uv": [ 2.48, 0.4799995, 3.52, 1.52 ], "texture": "#voxels_palette" },
				"south": { "uv": [ 2.48, 0.4799995, 3.52, 1.52 ], "texture": "#voxels_palette" },
				"west": { "uv": [ 2.48, 0.4799995, 3.52, 1.52 ], "texture": "#voxels_palette" },
				"east": { "uv": [ 2.48, 0.4799995, 3.52, 1.52 ], "texture": "#voxels_palette" }
			}
		},
		{
			"__comment": "Voxels-513B3B",
			"from": [ 7.75, 0.5, 5.5 ],
			"to": [ 8, 0.75, 5.75 ],
			"faces": {
				"down": { "uv": [ 4.48, 0.4799995, 5.52, 1.52 ], "texture": "#voxels_palette" },
				"up": { "uv": [ 4.48, 0.4799995, 5.52, 1.52 ], "texture": "#voxels_palette" },
				"north": { "uv": [ 4.48, 0.4799995, 5.52, 1.52 ], "texture": "#voxels_palette" },
				"south": { "uv": [ 4.48, 0.4799995, 5.52, 1.52 ], "texture": "#voxels_palette" },
				"west": { "uv": [ 4.48, 0.4799995, 5.52, 1.52 ], "texture": "#voxels_palette" },
				"east": { "uv": [ 4.48, 0.4799995, 5.52, 1.52 ], "texture": "#voxels_palette" }
			}
		},
		{
			"__comment": "Voxels-382030",
			"from": [ 7.75, 0.5, 5.75 ],
			"to": [ 8, 0.75, 6 ],
			"faces": {
				"down": { "uv": [ 2.48, 0.4799995, 3.52, 1.52 ], "texture": "#voxels_palette" },
				"up": { "uv": [ 2.48, 0.4799995, 3.52, 1.52 ], "texture": "#voxels_palette" },
				"north": { "uv": [ 2.48, 0.4799995, 3.52, 1.52 ], "texture": "#voxels_palette" },
				"south": { "uv": [ 2.48, 0.4799995, 3.52, 1.52 ], "texture": "#voxels_palette" },
				"west": { "uv": [ 2.48, 0.4799995, 3.52, 1.52 ], "texture": "#voxels_palette" },
				"east": { "uv": [ 2.48, 0.4799995, 3.52, 1.52 ], "texture": "#voxels_palette" }
			}
		},
		{
			"__comment": "Voxels-907E7E",
			"from": [ 7.75, 0.5, 6.5 ],
			"to": [ 8, 0.75, 6.75 ],
			"faces": {
				"down": { "uv": [ 0.48, 4.48, 1.52, 5.52 ], "texture": "#voxels_palette" },
				"up": { "uv": [ 0.48, 4.48, 1.52, 5.52 ], "texture": "#voxels_palette" },
				"north": { "uv": [ 0.48, 4.48, 1.52, 5.52 ], "texture": "#voxels_palette" },
				"south": { "uv": [ 0.48, 4.48, 1.52, 5.52 ], "texture": "#voxels_palette" },
				"west": { "uv": [ 0.48, 4.48, 1.52, 5.52 ], "texture": "#voxels_palette" },
				"east": { "uv": [ 0.48, 4.48, 1.52, 5.52 ], "texture": "#voxels_palette" }
			}
		},
		{
			"__comment": "Voxels-866F5E",
			"from": [ 7.75, 0.5, 6.75 ],
			"to": [ 8, 0.75, 7 ],
			"faces": {
				"down": { "uv": [ 2.48, 4.48, 3.52, 5.52 ], "texture": "#voxels_palette" },
				"up": { "uv": [ 2.48, 4.48, 3.52, 5.52 ], "texture": "#voxels_palette" },
				"north": { "uv": [ 2.48, 4.48, 3.52, 5.52 ], "texture": "#voxels_palette" },
				"south": { "uv": [ 2.48, 4.48, 3.52, 5.52 ], "texture": "#voxels_palette" },
				"west": { "uv": [ 2.48, 4.48, 3.52, 5.52 ], "texture": "#voxels_palette" },
				"east": { "uv": [ 2.48, 4.48, 3.52, 5.52 ], "texture": "#voxels_palette" }
			}
		},
		{
			"__comment": "Voxels-C7BEBE",
			"from": [ 7.75, 0.5, 7 ],
			"to": [ 8, 0.75, 7.25 ],
			"faces": {
				"down": { "uv": [ 6.48, 0.4799995, 7.52, 1.52 ], "texture": "#voxels_palette" },
				"up": { "uv": [ 6.48, 0.4799995, 7.52, 1.52 ], "texture": "#voxels_palette" },
				"north": { "uv": [ 6.48, 0.4799995, 7.52, 1.52 ], "texture": "#voxels_palette" },
				"south": { "uv": [ 6.48, 0.4799995, 7.52, 1.52 ], "texture": "#voxels_palette" },
				"west": { "uv": [ 6.48, 0.4799995, 7.52, 1.52 ], "texture": "#voxels_palette" },
				"east": { "uv": [ 6.48, 0.4799995, 7.52, 1.52 ], "texture": "#voxels_palette" }
			}
		},
		{
			"__comment": "Voxels-FFFFFF",
			"from": [ 7.75, 0.5, 7.25 ],
			"to": [ 8, 0.75, 7.5 ],
			"faces": {
				"down": { "uv": [ 10.48, 2.48, 11.52, 3.52 ], "texture": "#voxels_palette" },
				"up": { "uv": [ 10.48, 2.48, 11.52, 3.52 ], "texture": "#voxels_palette" },
				"north": { "uv": [ 10.48, 2.48, 11.52, 3.52 ], "texture": "#voxels_palette" },
				"south": { "uv": [ 10.48, 2.48, 11.52, 3.52 ], "texture": "#voxels_palette" },
				"west": { "uv": [ 10.48, 2.48, 11.52, 3.52 ], "texture": "#voxels_palette" },
				"east": { "uv": [ 10.48, 2.48, 11.52, 3.52 ], "texture": "#voxels_palette" }
			}
		},
		{
			"__comment": "Voxels-513B3B",
			"from": [ 7.75, 0.5, 7.5 ],
			"to": [ 8, 0.75, 7.75 ],
			"faces": {
				"down": { "uv": [ 4.48, 0.4799995, 5.52, 1.52 ], "texture": "#voxels_palette" },
				"up": { "uv": [ 4.48, 0.4799995, 5.52, 1.52 ], "texture": "#voxels_palette" },
				"north": { "uv": [ 4.48, 0.4799995, 5.52, 1.52 ], "texture": "#voxels_palette" },
				"south": { "uv": [ 4.48, 0.4799995, 5.52, 1.52 ], "texture": "#voxels_palette" },
				"west": { "uv": [ 4.48, 0.4799995, 5.52, 1.52 ], "texture": "#voxels_palette" },
				"east": { "uv": [ 4.48, 0.4799995, 5.52, 1.52 ], "texture": "#voxels_palette" }
			}
		},
		{
			"__comment": "Voxels-382030",
			"from": [ 7.75, 0.5, 7.75 ],
			"to": [ 8, 0.75, 8 ],
			"faces": {
				"down": { "uv": [ 2.48, 0.4799995, 3.52, 1.52 ], "texture": "#voxels_palette" },
				"up": { "uv": [ 2.48, 0.4799995, 3.52, 1.52 ], "texture": "#voxels_palette" },
				"north": { "uv": [ 2.48, 0.4799995, 3.52, 1.52 ], "texture": "#voxels_palette" },
				"south": { "uv": [ 2.48, 0.4799995, 3.52, 1.52 ], "texture": "#voxels_palette" },
				"west": { "uv": [ 2.48, 0.4799995, 3.52, 1.52 ], "texture": "#voxels_palette" },
				"east": { "uv": [ 2.48, 0.4799995, 3.52, 1.52 ], "texture": "#voxels_palette" }
			}
		},
		{
			"__comment": "Voxels-513B3B",
			"from": [ 7.75, 0.75, 3.5 ],
			"to": [ 8, 1, 3.75 ],
			"faces": {
				"down": { "uv": [ 4.48, 0.4799995, 5.52, 1.52 ], "texture": "#voxels_palette" },
				"up": { "uv": [ 4.48, 0.4799995, 5.52, 1.52 ], "texture": "#voxels_palette" },
				"north": { "uv": [ 4.48, 0.4799995, 5.52, 1.52 ], "texture": "#voxels_palette" },
				"south": { "uv": [ 4.48, 0.4799995, 5.52, 1.52 ], "texture": "#voxels_palette" },
				"west": { "uv": [ 4.48, 0.4799995, 5.52, 1.52 ], "texture": "#voxels_palette" },
				"east": { "uv": [ 4.48, 0.4799995, 5.52, 1.52 ], "texture": "#voxels_palette" }
			}
		},
		{
			"__comment": "Voxels-CE6632",
			"from": [ 7.75, 0.75, 3.75 ],
			"to": [ 8, 1, 4 ],
			"faces": {
				"down": { "uv": [ 8.48, 0.4799995, 9.52, 1.52 ], "texture": "#voxels_palette" },
				"up": { "uv": [ 8.48, 0.4799995, 9.52, 1.52 ], "texture": "#voxels_palette" },
				"north": { "uv": [ 8.48, 0.4799995, 9.52, 1.52 ], "texture": "#voxels_palette" },
				"south": { "uv": [ 8.48, 0.4799995, 9.52, 1.52 ], "texture": "#voxels_palette" },
				"west": { "uv": [ 8.48, 0.4799995, 9.52, 1.52 ], "texture": "#voxels_palette" },
				"east": { "uv": [ 8.48, 0.4799995, 9.52, 1.52 ], "texture": "#voxels_palette" }
			}
		},
		{
			"__comment": "Voxels-E49B3A",
			"from": [ 7.75, 0.75, 4 ],
			"to": [ 8, 1, 4.25 ],
			"faces": {
				"down": { "uv": [ 12.48, 0.4799995, 13.52, 1.52 ], "texture": "#voxels_palette" },
				"up": { "uv": [ 12.48, 0.4799995, 13.52, 1.52 ], "texture": "#voxels_palette" },
				"north": { "uv": [ 12.48, 0.4799995, 13.52, 1.52 ], "texture": "#voxels_palette" },
				"south": { "uv": [ 12.48, 0.4799995, 13.52, 1.52 ], "texture": "#voxels_palette" },
				"west": { "uv": [ 12.48, 0.4799995, 13.52, 1.52 ], "texture": "#voxels_palette" },
				"east": { "uv": [ 12.48, 0.4799995, 13.52, 1.52 ], "texture": "#voxels_palette" }
			}
		},
		{
			"__comment": "Voxels-AB400A",
			"from": [ 7.75, 0.75, 4.25 ],
			"to": [ 8, 1, 4.5 ],
			"faces": {
				"down": { "uv": [ 2.48, 2.48, 3.52, 3.52 ], "texture": "#voxels_palette" },
				"up": { "uv": [ 2.48, 2.48, 3.52, 3.52 ], "texture": "#voxels_palette" },
				"north": { "uv": [ 2.48, 2.48, 3.52, 3.52 ], "texture": "#voxels_palette" },
				"south": { "uv": [ 2.48, 2.48, 3.52, 3.52 ], "texture": "#voxels_palette" },
				"west": { "uv": [ 2.48, 2.48, 3.52, 3.52 ], "texture": "#voxels_palette" },
				"east": { "uv": [ 2.48, 2.48, 3.52, 3.52 ], "texture": "#voxels_palette" }
			}
		},
		{
			"__comment": "Voxels-382030",
			"from": [ 7.75, 0.75, 4.5 ],
			"to": [ 8, 1, 4.75 ],
			"faces": {
				"down": { "uv": [ 2.48, 0.4799995, 3.52, 1.52 ], "texture": "#voxels_palette" },
				"up": { "uv": [ 2.48, 0.4799995, 3.52, 1.52 ], "texture": "#voxels_palette" },
				"north": { "uv": [ 2.48, 0.4799995, 3.52, 1.52 ], "texture": "#voxels_palette" },
				"south": { "uv": [ 2.48, 0.4799995, 3.52, 1.52 ], "texture": "#voxels_palette" },
				"west": { "uv": [ 2.48, 0.4799995, 3.52, 1.52 ], "texture": "#voxels_palette" },
				"east": { "uv": [ 2.48, 0.4799995, 3.52, 1.52 ], "texture": "#voxels_palette" }
			}
		},
		{
			"__comment": "Voxels-613027",
			"from": [ 7.75, 0.75, 5.75 ],
			"to": [ 8, 1, 6 ],
			"faces": {
				"down": { "uv": [ 6.48, 4.48, 7.52, 5.52 ], "texture": "#voxels_palette" },
				"up": { "uv": [ 6.48, 4.48, 7.52, 5.52 ], "texture": "#voxels_palette" },
				"north": { "uv": [ 6.48, 4.48, 7.52, 5.52 ], "texture": "#voxels_palette" },
				"south": { "uv": [ 6.48, 4.48, 7.52, 5.52 ], "texture": "#voxels_palette" },
				"west": { "uv": [ 6.48, 4.48, 7.52, 5.52 ], "texture": "#voxels_palette" },
				"east": { "uv": [ 6.48, 4.48, 7.52, 5.52 ], "texture": "#voxels_palette" }
			}
		},
		{
			"__comment": "Voxels-F5CFA1",
			"from": [ 7.75, 0.75, 6 ],
			"to": [ 8, 1, 6.25 ],
			"faces": {
				"down": { "uv": [ 12.48, 2.48, 13.52, 3.52 ], "texture": "#voxels_palette" },
				"up": { "uv": [ 12.48, 2.48, 13.52, 3.52 ], "texture": "#voxels_palette" },
				"north": { "uv": [ 12.48, 2.48, 13.52, 3.52 ], "texture": "#voxels_palette" },
				"south": { "uv": [ 12.48, 2.48, 13.52, 3.52 ], "texture": "#voxels_palette" },
				"west": { "uv": [ 12.48, 2.48, 13.52, 3.52 ], "texture": "#voxels_palette" },
				"east": { "uv": [ 12.48, 2.48, 13.52, 3.52 ], "texture": "#voxels_palette" }
			}
		},
		{
			"__comment": "Voxels-382030",
			"from": [ 7.75, 0.75, 6.5 ],
			"to": [ 8, 1, 7 ],
			"faces": {
				"down": { "uv": [ 2.48, 0.4799995, 3.52, 1.52 ], "texture": "#voxels_palette" },
				"up": { "uv": [ 2.48, 0.4799995, 3.52, 1.52 ], "texture": "#voxels_palette" },
				"north": { "uv": [ 2.48, 0.4799995, 3.52, 1.52 ], "texture": "#voxels_palette" },
				"south": { "uv": [ 2.48, 0.4799995, 3.52, 1.52 ], "texture": "#voxels_palette" },
				"west": { "uv": [ 2.48, 0.4799995, 3.52, 1.52 ], "texture": "#voxels_palette" },
				"east": { "uv": [ 2.48, 0.4799995, 3.52, 1.52 ], "texture": "#voxels_palette" }
			}
		},
		{
			"__comment": "Voxels-513B3B",
			"from": [ 7.75, 0.75, 7 ],
			"to": [ 8, 1, 7.25 ],
			"faces": {
				"down": { "uv": [ 4.48, 0.4799995, 5.52, 1.52 ], "texture": "#voxels_palette" },
				"up": { "uv": [ 4.48, 0.4799995, 5.52, 1.52 ], "texture": "#voxels_palette" },
				"north": { "uv": [ 4.48, 0.4799995, 5.52, 1.52 ], "texture": "#voxels_palette" },
				"south": { "uv": [ 4.48, 0.4799995, 5.52, 1.52 ], "texture": "#voxels_palette" },
				"west": { "uv": [ 4.48, 0.4799995, 5.52, 1.52 ], "texture": "#voxels_palette" },
				"east": { "uv": [ 4.48, 0.4799995, 5.52, 1.52 ], "texture": "#voxels_palette" }
			}
		},
		{
			"__comment": "Voxels-382030",
			"from": [ 7.75, 0.75, 7.25 ],
			"to": [ 8, 1, 7.5 ],
			"faces": {
				"down": { "uv": [ 2.48, 0.4799995, 3.52, 1.52 ], "texture": "#voxels_palette" },
				"up": { "uv": [ 2.48, 0.4799995, 3.52, 1.52 ], "texture": "#voxels_palette" },
				"north": { "uv": [ 2.48, 0.4799995, 3.52, 1.52 ], "texture": "#voxels_palette" },
				"south": { "uv": [ 2.48, 0.4799995, 3.52, 1.52 ], "texture": "#voxels_palette" },
				"west": { "uv": [ 2.48, 0.4799995, 3.52, 1.52 ], "texture": "#voxels_palette" },
				"east": { "uv": [ 2.48, 0.4799995, 3.52, 1.52 ], "texture": "#voxels_palette" }
			}
		},
		{
			"__comment": "Voxels-382030",
			"from": [ 7.75, 1, 3.5 ],
			"to": [ 8, 1.25, 3.75 ],
			"faces": {
				"down": { "uv": [ 2.48, 0.4799995, 3.52, 1.52 ], "texture": "#voxels_palette" },
				"up": { "uv": [ 2.48, 0.4799995, 3.52, 1.52 ], "texture": "#voxels_palette" },
				"north": { "uv": [ 2.48, 0.4799995, 3.52, 1.52 ], "texture": "#voxels_palette" },
				"south": { "uv": [ 2.48, 0.4799995, 3.52, 1.52 ], "texture": "#voxels_palette" },
				"west": { "uv": [ 2.48, 0.4799995, 3.52, 1.52 ], "texture": "#voxels_palette" },
				"east": { "uv": [ 2.48, 0.4799995, 3.52, 1.52 ], "texture": "#voxels_palette" }
			}
		},
		{
			"__comment": "Voxels-C7BEBE",
			"from": [ 7.75, 1, 3.75 ],
			"to": [ 8, 1.25, 4 ],
			"faces": {
				"down": { "uv": [ 6.48, 0.4799995, 7.52, 1.52 ], "texture": "#voxels_palette" },
				"up": { "uv": [ 6.48, 0.4799995, 7.52, 1.52 ], "texture": "#voxels_palette" },
				"north": { "uv": [ 6.48, 0.4799995, 7.52, 1.52 ], "texture": "#voxels_palette" },
				"south": { "uv": [ 6.48, 0.4799995, 7.52, 1.52 ], "texture": "#voxels_palette" },
				"west": { "uv": [ 6.48, 0.4799995, 7.52, 1.52 ], "texture": "#voxels_palette" },
				"east": { "uv": [ 6.48, 0.4799995, 7.52, 1.52 ], "texture": "#voxels_palette" }
			}
		},
		{
			"__comment": "Voxels-A43B20",
			"from": [ 7.75, 1, 4 ],
			"to": [ 8, 1.25, 4.25 ],
			"faces": {
				"down": { "uv": [ 10.48, 0.4799995, 11.52, 1.52 ], "texture": "#voxels_palette" },
				"up": { "uv": [ 10.48, 0.4799995, 11.52, 1.52 ], "texture": "#voxels_palette" },
				"north": { "uv": [ 10.48, 0.4799995, 11.52, 1.52 ], "texture": "#voxels_palette" },
				"south": { "uv": [ 10.48, 0.4799995, 11.52, 1.52 ], "texture": "#voxels_palette" },
				"west": { "uv": [ 10.48, 0.4799995, 11.52, 1.52 ], "texture": "#voxels_palette" },
				"east": { "uv": [ 10.48, 0.4799995, 11.52, 1.52 ], "texture": "#voxels_palette" }
			}
		},
		{
			"__comment": "Voxels-513B3B",
			"from": [ 7.75, 1, 4.25 ],
			"to": [ 8, 1.25, 4.5 ],
			"faces": {
				"down": { "uv": [ 4.48, 0.4799995, 5.52, 1.52 ], "texture": "#voxels_palette" },
				"up": { "uv": [ 4.48, 0.4799995, 5.52, 1.52 ], "texture": "#voxels_palette" },
				"north": { "uv": [ 4.48, 0.4799995, 5.52, 1.52 ], "texture": "#voxels_palette" },
				"south": { "uv": [ 4.48, 0.4799995, 5.52, 1.52 ], "texture": "#voxels_palette" },
				"west": { "uv": [ 4.48, 0.4799995, 5.52, 1.52 ], "texture": "#voxels_palette" },
				"east": { "uv": [ 4.48, 0.4799995, 5.52, 1.52 ], "texture": "#voxels_palette" }
			}
		},
		{
			"__comment": "Voxels-382030",
			"from": [ 7.75, 1, 5.75 ],
			"to": [ 8, 2, 6 ],
			"faces": {
				"down": { "uv": [ 2.48, 0.4799995, 3.52, 1.52 ], "texture": "#voxels_palette" },
				"up": { "uv": [ 2.48, 0.4799995, 3.52, 1.52 ], "texture": "#voxels_palette" },
				"north": { "uv": [ 2.48, 0.4799995, 3.52, 1.52 ], "texture": "#voxels_palette" },
				"south": { "uv": [ 2.48, 0.4799995, 3.52, 1.52 ], "texture": "#voxels_palette" },
				"west": { "uv": [ 2.48, 0.4799995, 3.52, 1.52 ], "texture": "#voxels_palette" },
				"east": { "uv": [ 2.48, 0.4799995, 3.52, 1.52 ], "texture": "#voxels_palette" }
			}
		},
		{
			"__comment": "Voxels-F9C4A1",
			"from": [ 7.75, 1, 6 ],
			"to": [ 8, 1.25, 6.25 ],
			"faces": {
				"down": { "uv": [ 10.48, 4.48, 11.52, 5.52 ], "texture": "#voxels_palette" },
				"up": { "uv": [ 10.48, 4.48, 11.52, 5.52 ], "texture": "#voxels_palette" },
				"north": { "uv": [ 10.48, 4.48, 11.52, 5.52 ], "texture": "#voxels_palette" },
				"south": { "uv": [ 10.48, 4.48, 11.52, 5.52 ], "texture": "#voxels_palette" },
				"west": { "uv": [ 10.48, 4.48, 11.52, 5.52 ], "texture": "#voxels_palette" },
				"east": { "uv": [ 10.48, 4.48, 11.52, 5.52 ], "texture": "#voxels_palette" }
			}
		},
		{
			"__comment": "Voxels-513B3B",
			"from": [ 7.75, 1, 6.5 ],
			"to": [ 8, 1.25, 6.75 ],
			"faces": {
				"down": { "uv": [ 4.48, 0.4799995, 5.52, 1.52 ], "texture": "#voxels_palette" },
				"up": { "uv": [ 4.48, 0.4799995, 5.52, 1.52 ], "texture": "#voxels_palette" },
				"north": { "uv": [ 4.48, 0.4799995, 5.52, 1.52 ], "texture": "#voxels_palette" },
				"south": { "uv": [ 4.48, 0.4799995, 5.52, 1.52 ], "texture": "#voxels_palette" },
				"west": { "uv": [ 4.48, 0.4799995, 5.52, 1.52 ], "texture": "#voxels_palette" },
				"east": { "uv": [ 4.48, 0.4799995, 5.52, 1.52 ], "texture": "#voxels_palette" }
			}
		},
		{
			"__comment": "Voxels-382030",
			"from": [ 7.75, 1.25, 3.75 ],
			"to": [ 8, 1.5, 4 ],
			"faces": {
				"down": { "uv": [ 2.48, 0.4799995, 3.52, 1.52 ], "texture": "#voxels_palette" },
				"up": { "uv": [ 2.48, 0.4799995, 3.52, 1.52 ], "texture": "#voxels_palette" },
				"north": { "uv": [ 2.48, 0.4799995, 3.52, 1.52 ], "texture": "#voxels_palette" },
				"south": { "uv": [ 2.48, 0.4799995, 3.52, 1.52 ], "texture": "#voxels_palette" },
				"west": { "uv": [ 2.48, 0.4799995, 3.52, 1.52 ], "texture": "#voxels_palette" },
				"east": { "uv": [ 2.48, 0.4799995, 3.52, 1.52 ], "texture": "#voxels_palette" }
			}
		},
		{
			"__comment": "Voxels-C7BEBE",
			"from": [ 7.75, 1.25, 4 ],
			"to": [ 8, 1.5, 4.25 ],
			"faces": {
				"down": { "uv": [ 6.48, 0.4799995, 7.52, 1.52 ], "texture": "#voxels_palette" },
				"up": { "uv": [ 6.48, 0.4799995, 7.52, 1.52 ], "texture": "#voxels_palette" },
				"north": { "uv": [ 6.48, 0.4799995, 7.52, 1.52 ], "texture": "#voxels_palette" },
				"south": { "uv": [ 6.48, 0.4799995, 7.52, 1.52 ], "texture": "#voxels_palette" },
				"west": { "uv": [ 6.48, 0.4799995, 7.52, 1.52 ], "texture": "#voxels_palette" },
				"east": { "uv": [ 6.48, 0.4799995, 7.52, 1.52 ], "texture": "#voxels_palette" }
			}
		},
		{
			"__comment": "Voxels-382030",
			"from": [ 7.75, 1.25, 4.25 ],
			"to": [ 8, 1.5, 4.5 ],
			"faces": {
				"down": { "uv": [ 2.48, 0.4799995, 3.52, 1.52 ], "texture": "#voxels_palette" },
				"up": { "uv": [ 2.48, 0.4799995, 3.52, 1.52 ], "texture": "#voxels_palette" },
				"north": { "uv": [ 2.48, 0.4799995, 3.52, 1.52 ], "texture": "#voxels_palette" },
				"south": { "uv": [ 2.48, 0.4799995, 3.52, 1.52 ], "texture": "#voxels_palette" },
				"west": { "uv": [ 2.48, 0.4799995, 3.52, 1.52 ], "texture": "#voxels_palette" },
				"east": { "uv": [ 2.48, 0.4799995, 3.52, 1.52 ], "texture": "#voxels_palette" }
			}
		},
		{
			"__comment": "Voxels-F5CFA1",
			"from": [ 7.75, 1.25, 6 ],
			"to": [ 8, 1.5, 6.25 ],
			"faces": {
				"down": { "uv": [ 12.48, 2.48, 13.52, 3.52 ], "texture": "#voxels_palette" },
				"up": { "uv": [ 12.48, 2.48, 13.52, 3.52 ], "texture": "#voxels_palette" },
				"north": { "uv": [ 12.48, 2.48, 13.52, 3.52 ], "texture": "#voxels_palette" },
				"south": { "uv": [ 12.48, 2.48, 13.52, 3.52 ], "texture": "#voxels_palette" },
				"west": { "uv": [ 12.48, 2.48, 13.52, 3.52 ], "texture": "#voxels_palette" },
				"east": { "uv": [ 12.48, 2.48, 13.52, 3.52 ], "texture": "#voxels_palette" }
			}
		},
		{
			"__comment": "Voxels-382030",
			"from": [ 7.75, 1.25, 6.5 ],
			"to": [ 8, 1.5, 6.75 ],
			"faces": {
				"down": { "uv": [ 2.48, 0.4799995, 3.52, 1.52 ], "texture": "#voxels_palette" },
				"up": { "uv": [ 2.48, 0.4799995, 3.52, 1.52 ], "texture": "#voxels_palette" },
				"north": { "uv": [ 2.48, 0.4799995, 3.52, 1.52 ], "texture": "#voxels_palette" },
				"south": { "uv": [ 2.48, 0.4799995, 3.52, 1.52 ], "texture": "#voxels_palette" },
				"west": { "uv": [ 2.48, 0.4799995, 3.52, 1.52 ], "texture": "#voxels_palette" },
				"east": { "uv": [ 2.48, 0.4799995, 3.52, 1.52 ], "texture": "#voxels_palette" }
			}
		},
		{
			"__comment": "Voxels-382030",
			"from": [ 7.75, 1.5, 4 ],
			"to": [ 8, 1.75, 4.25 ],
			"faces": {
				"down": { "uv": [ 2.48, 0.4799995, 3.52, 1.52 ], "texture": "#voxels_palette" },
				"up": { "uv": [ 2.48, 0.4799995, 3.52, 1.52 ], "texture": "#voxels_palette" },
				"north": { "uv": [ 2.48, 0.4799995, 3.52, 1.52 ], "texture": "#voxels_palette" },
				"south": { "uv": [ 2.48, 0.4799995, 3.52, 1.52 ], "texture": "#voxels_palette" },
				"west": { "uv": [ 2.48, 0.4799995, 3.52, 1.52 ], "texture": "#voxels_palette" },
				"east": { "uv": [ 2.48, 0.4799995, 3.52, 1.52 ], "texture": "#voxels_palette" }
			}
		},
		{
			"__comment": "Voxels-C7BEBE",
			"from": [ 7.75, 1.5, 4.25 ],
			"to": [ 8, 1.75, 4.5 ],
			"faces": {
				"down": { "uv": [ 6.48, 0.4799995, 7.52, 1.52 ], "texture": "#voxels_palette" },
				"up": { "uv": [ 6.48, 0.4799995, 7.52, 1.52 ], "texture": "#voxels_palette" },
				"north": { "uv": [ 6.48, 0.4799995, 7.52, 1.52 ], "texture": "#voxels_palette" },
				"south": { "uv": [ 6.48, 0.4799995, 7.52, 1.52 ], "texture": "#voxels_palette" },
				"west": { "uv": [ 6.48, 0.4799995, 7.52, 1.52 ], "texture": "#voxels_palette" },
				"east": { "uv": [ 6.48, 0.4799995, 7.52, 1.52 ], "texture": "#voxels_palette" }
			}
		},
		{
			"__comment": "Voxels-382030",
			"from": [ 7.75, 1.5, 4.5 ],
			"to": [ 8, 1.75, 4.75 ],
			"faces": {
				"down": { "uv": [ 2.48, 0.4799995, 3.52, 1.52 ], "texture": "#voxels_palette" },
				"up": { "uv": [ 2.48, 0.4799995, 3.52, 1.52 ], "texture": "#voxels_palette" },
				"north": { "uv": [ 2.48, 0.4799995, 3.52, 1.52 ], "texture": "#voxels_palette" },
				"south": { "uv": [ 2.48, 0.4799995, 3.52, 1.52 ], "texture": "#voxels_palette" },
				"west": { "uv": [ 2.48, 0.4799995, 3.52, 1.52 ], "texture": "#voxels_palette" },
				"east": { "uv": [ 2.48, 0.4799995, 3.52, 1.52 ], "texture": "#voxels_palette" }
			}
		},
		{
			"__comment": "Voxels-D49159",
			"from": [ 7.75, 1.5, 6 ],
			"to": [ 8, 1.75, 6.25 ],
			"faces": {
				"down": { "uv": [ 8.48, 2.48, 9.52, 3.52 ], "texture": "#voxels_palette" },
				"up": { "uv": [ 8.48, 2.48, 9.52, 3.52 ], "texture": "#voxels_palette" },
				"north": { "uv": [ 8.48, 2.48, 9.52, 3.52 ], "texture": "#voxels_palette" },
				"south": { "uv": [ 8.48, 2.48, 9.52, 3.52 ], "texture": "#voxels_palette" },
				"west": { "uv": [ 8.48, 2.48, 9.52, 3.52 ], "texture": "#voxels_palette" },
				"east": { "uv": [ 8.48, 2.48, 9.52, 3.52 ], "texture": "#voxels_palette" }
			}
		},
		{
			"__comment": "Voxels-513B3B",
			"from": [ 7.75, 1.5, 6.5 ],
			"to": [ 8, 1.75, 6.75 ],
			"faces": {
				"down": { "uv": [ 4.48, 0.4799995, 5.52, 1.52 ], "texture": "#voxels_palette" },
				"up": { "uv": [ 4.48, 0.4799995, 5.52, 1.52 ], "texture": "#voxels_palette" },
				"north": { "uv": [ 4.48, 0.4799995, 5.52, 1.52 ], "texture": "#voxels_palette" },
				"south": { "uv": [ 4.48, 0.4799995, 5.52, 1.52 ], "texture": "#voxels_palette" },
				"west": { "uv": [ 4.48, 0.4799995, 5.52, 1.52 ], "texture": "#voxels_palette" },
				"east": { "uv": [ 4.48, 0.4799995, 5.52, 1.52 ], "texture": "#voxels_palette" }
			}
		},
		{
			"__comment": "Voxels-513B3B",
			"from": [ 7.75, 1.75, 4.25 ],
			"to": [ 8, 2, 4.5 ],
			"faces": {
				"down": { "uv": [ 4.48, 0.4799995, 5.52, 1.52 ], "texture": "#voxels_palette" },
				"up": { "uv": [ 4.48, 0.4799995, 5.52, 1.52 ], "texture": "#voxels_palette" },
				"north": { "uv": [ 4.48, 0.4799995, 5.52, 1.52 ], "texture": "#voxels_palette" },
				"south": { "uv": [ 4.48, 0.4799995, 5.52, 1.52 ], "texture": "#voxels_palette" },
				"west": { "uv": [ 4.48, 0.4799995, 5.52, 1.52 ], "texture": "#voxels_palette" },
				"east": { "uv": [ 4.48, 0.4799995, 5.52, 1.52 ], "texture": "#voxels_palette" }
			}
		},
		{
			"__comment": "Voxels-FFFFFF",
			"from": [ 7.75, 1.75, 4.5 ],
			"to": [ 8, 2.25, 4.75 ],
			"faces": {
				"down": { "uv": [ 10.48, 2.48, 11.52, 3.52 ], "texture": "#voxels_palette" },
				"up": { "uv": [ 10.48, 2.48, 11.52, 3.52 ], "texture": "#voxels_palette" },
				"north": { "uv": [ 10.48, 2.48, 11.52, 3.52 ], "texture": "#voxels_palette" },
				"south": { "uv": [ 10.48, 2.48, 11.52, 3.52 ], "texture": "#voxels_palette" },
				"west": { "uv": [ 10.48, 2.48, 11.52, 3.52 ], "texture": "#voxels_palette" },
				"east": { "uv": [ 10.48, 2.48, 11.52, 3.52 ], "texture": "#voxels_palette" }
			}
		},
		{
			"__comment": "Voxels-382030",
			"from": [ 7.75, 1.75, 4.75 ],
			"to": [ 8, 2, 5 ],
			"faces": {
				"down": { "uv": [ 2.48, 0.4799995, 3.52, 1.52 ], "texture": "#voxels_palette" },
				"up": { "uv": [ 2.48, 0.4799995, 3.52, 1.52 ], "texture": "#voxels_palette" },
				"north": { "uv": [ 2.48, 0.4799995, 3.52, 1.52 ], "texture": "#voxels_palette" },
				"south": { "uv": [ 2.48, 0.4799995, 3.52, 1.52 ], "texture": "#voxels_palette" },
				"west": { "uv": [ 2.48, 0.4799995, 3.52, 1.52 ], "texture": "#voxels_palette" },
				"east": { "uv": [ 2.48, 0.4799995, 3.52, 1.52 ], "texture": "#voxels_palette" }
			}
		},
		{
			"__comment": "Voxels-9A6A1F",
			"from": [ 7.75, 1.75, 6 ],
			"to": [ 8, 2, 6.25 ],
			"faces": {
				"down": { "uv": [ 8.48, 4.48, 9.52, 5.52 ], "texture": "#voxels_palette" },
				"up": { "uv": [ 8.48, 4.48, 9.52, 5.52 ], "texture": "#voxels_palette" },
				"north": { "uv": [ 8.48, 4.48, 9.52, 5.52 ], "texture": "#voxels_palette" },
				"south": { "uv": [ 8.48, 4.48, 9.52, 5.52 ], "texture": "#voxels_palette" },
				"west": { "uv": [ 8.48, 4.48, 9.52, 5.52 ], "texture": "#voxels_palette" },
				"east": { "uv": [ 8.48, 4.48, 9.52, 5.52 ], "texture": "#voxels_palette" }
			}
		},
		{
			"__comment": "Voxels-382030",
			"from": [ 7.75, 1.75, 6.5 ],
			"to": [ 8, 2, 6.75 ],
			"faces": {
				"down": { "uv": [ 2.48, 0.4799995, 3.52, 1.52 ], "texture": "#voxels_palette" },
				"up": { "uv": [ 2.48, 0.4799995, 3.52, 1.52 ], "texture": "#voxels_palette" },
				"north": { "uv": [ 2.48, 0.4799995, 3.52, 1.52 ], "texture": "#voxels_palette" },
				"south": { "uv": [ 2.48, 0.4799995, 3.52, 1.52 ], "texture": "#voxels_palette" },
				"west": { "uv": [ 2.48, 0.4799995, 3.52, 1.52 ], "texture": "#voxels_palette" },
				"east": { "uv": [ 2.48, 0.4799995, 3.52, 1.52 ], "texture": "#voxels_palette" }
			}
		},
		{
			"__comment": "Voxels-382030",
			"from": [ 7.75, 2, 4.25 ],
			"to": [ 8, 2.25, 4.5 ],
			"faces": {
				"down": { "uv": [ 2.48, 0.4799995, 3.52, 1.52 ], "texture": "#voxels_palette" },
				"up": { "uv": [ 2.48, 0.4799995, 3.52, 1.52 ], "texture": "#voxels_palette" },
				"north": { "uv": [ 2.48, 0.4799995, 3.52, 1.52 ], "texture": "#voxels_palette" },
				"south": { "uv": [ 2.48, 0.4799995, 3.52, 1.52 ], "texture": "#voxels_palette" },
				"west": { "uv": [ 2.48, 0.4799995, 3.52, 1.52 ], "texture": "#voxels_palette" },
				"east": { "uv": [ 2.48, 0.4799995, 3.52, 1.52 ], "texture": "#voxels_palette" }
			}
		},
		{
			"__comment": "Voxels-513B3B",
			"from": [ 7.75, 2, 4.75 ],
			"to": [ 8, 2.25, 5 ],
			"faces": {
				"down": { "uv": [ 4.48, 0.4799995, 5.52, 1.52 ], "texture": "#voxels_palette" },
				"up": { "uv": [ 4.48, 0.4799995, 5.52, 1.52 ], "texture": "#voxels_palette" },
				"north": { "uv": [ 4.48, 0.4799995, 5.52, 1.52 ], "texture": "#voxels_palette" },
				"south": { "uv": [ 4.48, 0.4799995, 5.52, 1.52 ], "texture": "#voxels_palette" },
				"west": { "uv": [ 4.48, 0.4799995, 5.52, 1.52 ], "texture": "#voxels_palette" },
				"east": { "uv": [ 4.48, 0.4799995, 5.52, 1.52 ], "texture": "#voxels_palette" }
			}
		},
		{
			"__comment": "Voxels-513B3B",
			"from": [ 7.75, 2, 5.75 ],
			"to": [ 8, 2.25, 6 ],
			"faces": {
				"down": { "uv": [ 4.48, 0.4799995, 5.52, 1.52 ], "texture": "#voxels_palette" },
				"up": { "uv": [ 4.48, 0.4799995, 5.52, 1.52 ], "texture": "#voxels_palette" },
				"north": { "uv": [ 4.48, 0.4799995, 5.52, 1.52 ], "texture": "#voxels_palette" },
				"south": { "uv": [ 4.48, 0.4799995, 5.52, 1.52 ], "texture": "#voxels_palette" },
				"west": { "uv": [ 4.48, 0.4799995, 5.52, 1.52 ], "texture": "#voxels_palette" },
				"east": { "uv": [ 4.48, 0.4799995, 5.52, 1.52 ], "texture": "#voxels_palette" }
			}
		},
		{
			"__comment": "Voxels-866F5E",
			"from": [ 7.75, 2, 6 ],
			"to": [ 8, 2.25, 6.25 ],
			"faces": {
				"down": { "uv": [ 2.48, 4.48, 3.52, 5.52 ], "texture": "#voxels_palette" },
				"up": { "uv": [ 2.48, 4.48, 3.52, 5.52 ], "texture": "#voxels_palette" },
				"north": { "uv": [ 2.48, 4.48, 3.52, 5.52 ], "texture": "#voxels_palette" },
				"south": { "uv": [ 2.48, 4.48, 3.52, 5.52 ], "texture": "#voxels_palette" },
				"west": { "uv": [ 2.48, 4.48, 3.52, 5.52 ], "texture": "#voxels_palette" },
				"east": { "uv": [ 2.48, 4.48, 3.52, 5.52 ], "texture": "#voxels_palette" }
			}
		},
		{
			"__comment": "Voxels-513B3B",
			"from": [ 7.75, 2, 6.25 ],
			"to": [ 8, 2.25, 6.5 ],
			"faces": {
				"down": { "uv": [ 4.48, 0.4799995, 5.52, 1.52 ], "texture": "#voxels_palette" },
				"up": { "uv": [ 4.48, 0.4799995, 5.52, 1.52 ], "texture": "#voxels_palette" },
				"north": { "uv": [ 4.48, 0.4799995, 5.52, 1.52 ], "texture": "#voxels_palette" },
				"south": { "uv": [ 4.48, 0.4799995, 5.52, 1.52 ], "texture": "#voxels_palette" },
				"west": { "uv": [ 4.48, 0.4799995, 5.52, 1.52 ], "texture": "#voxels_palette" },
				"east": { "uv": [ 4.48, 0.4799995, 5.52, 1.52 ], "texture": "#voxels_palette" }
			}
		},
		{
			"__comment": "Voxels-382030",
			"from": [ 7.75, 2.25, 4.5 ],
			"to": [ 8, 2.5, 4.75 ],
			"faces": {
				"down": { "uv": [ 2.48, 0.4799995, 3.52, 1.52 ], "texture": "#voxels_palette" },
				"up": { "uv": [ 2.48, 0.4799995, 3.52, 1.52 ], "texture": "#voxels_palette" },
				"north": { "uv": [ 2.48, 0.4799995, 3.52, 1.52 ], "texture": "#voxels_palette" },
				"south": { "uv": [ 2.48, 0.4799995, 3.52, 1.52 ], "texture": "#voxels_palette" },
				"west": { "uv": [ 2.48, 0.4799995, 3.52, 1.52 ], "texture": "#voxels_palette" },
				"east": { "uv": [ 2.48, 0.4799995, 3.52, 1.52 ], "texture": "#voxels_palette" }
			}
		},
		{
			"__comment": "Voxels-FFFFFF",
			"from": [ 7.75, 2.25, 4.75 ],
			"to": [ 8, 2.5, 5 ],
			"faces": {
				"down": { "uv": [ 10.48, 2.48, 11.52, 3.52 ], "texture": "#voxels_palette" },
				"up": { "uv": [ 10.48, 2.48, 11.52, 3.52 ], "texture": "#voxels_palette" },
				"north": { "uv": [ 10.48, 2.48, 11.52, 3.52 ], "texture": "#voxels_palette" },
				"south": { "uv": [ 10.48, 2.48, 11.52, 3.52 ], "texture": "#voxels_palette" },
				"west": { "uv": [ 10.48, 2.48, 11.52, 3.52 ], "texture": "#voxels_palette" },
				"east": { "uv": [ 10.48, 2.48, 11.52, 3.52 ], "texture": "#voxels_palette" }
			}
		},
		{
			"__comment": "Voxels-382030",
			"from": [ 7.75, 2.25, 5 ],
			"to": [ 8, 2.5, 5.25 ],
			"faces": {
				"down": { "uv": [ 2.48, 0.4799995, 3.52, 1.52 ], "texture": "#voxels_palette" },
				"up": { "uv": [ 2.48, 0.4799995, 3.52, 1.52 ], "texture": "#voxels_palette" },
				"north": { "uv": [ 2.48, 0.4799995, 3.52, 1.52 ], "texture": "#voxels_palette" },
				"south": { "uv": [ 2.48, 0.4799995, 3.52, 1.52 ], "texture": "#voxels_palette" },
				"west": { "uv": [ 2.48, 0.4799995, 3.52, 1.52 ], "texture": "#voxels_palette" },
				"east": { "uv": [ 2.48, 0.4799995, 3.52, 1.52 ], "texture": "#voxels_palette" }
			}
		},
		{
			"__comment": "Voxels-513B3B",
			"from": [ 7.75, 2.25, 5.25 ],
			"to": [ 8, 2.5, 5.5 ],
			"faces": {
				"down": { "uv": [ 4.48, 0.4799995, 5.52, 1.52 ], "texture": "#voxels_palette" },
				"up": { "uv": [ 4.48, 0.4799995, 5.52, 1.52 ], "texture": "#voxels_palette" },
				"north": { "uv": [ 4.48, 0.4799995, 5.52, 1.52 ], "texture": "#voxels_palette" },
				"south": { "uv": [ 4.48, 0.4799995, 5.52, 1.52 ], "texture": "#voxels_palette" },
				"west": { "uv": [ 4.48, 0.4799995, 5.52, 1.52 ], "texture": "#voxels_palette" },
				"east": { "uv": [ 4.48, 0.4799995, 5.52, 1.52 ], "texture": "#voxels_palette" }
			}
		},
		{
			"__comment": "Voxels-382030",
			"from": [ 7.75, 2.25, 5.5 ],
			"to": [ 8, 2.5, 5.75 ],
			"faces": {
				"down": { "uv": [ 2.48, 0.4799995, 3.52, 1.52 ], "texture": "#voxels_palette" },
				"up": { "uv": [ 2.48, 0.4799995, 3.52, 1.52 ], "texture": "#voxels_palette" },
				"north": { "uv": [ 2.48, 0.4799995, 3.52, 1.52 ], "texture": "#voxels_palette" },
				"south": { "uv": [ 2.48, 0.4799995, 3.52, 1.52 ], "texture": "#voxels_palette" },
				"west": { "uv": [ 2.48, 0.4799995, 3.52, 1.52 ], "texture": "#voxels_palette" },
				"east": { "uv": [ 2.48, 0.4799995, 3.52, 1.52 ], "texture": "#voxels_palette" }
			}
		},
		{
			"__comment": "Voxels-C7BEBE",
			"from": [ 7.75, 2.25, 5.75 ],
			"to": [ 8, 2.5, 6 ],
			"faces": {
				"down": { "uv": [ 6.48, 0.4799995, 7.52, 1.52 ], "texture": "#voxels_palette" },
				"up": { "uv": [ 6.48, 0.4799995, 7.52, 1.52 ], "texture": "#voxels_palette" },
				"north": { "uv": [ 6.48, 0.4799995, 7.52, 1.52 ], "texture": "#voxels_palette" },
				"south": { "uv": [ 6.48, 0.4799995, 7.52, 1.52 ], "texture": "#voxels_palette" },
				"west": { "uv": [ 6.48, 0.4799995, 7.52, 1.52 ], "texture": "#voxels_palette" },
				"east": { "uv": [ 6.48, 0.4799995, 7.52, 1.52 ], "texture": "#voxels_palette" }
			}
		},
		{
			"__comment": "Voxels-382030",
			"from": [ 7.75, 2.25, 6 ],
			"to": [ 8, 2.5, 6.25 ],
			"faces": {
				"down": { "uv": [ 2.48, 0.4799995, 3.52, 1.52 ], "texture": "#voxels_palette" },
				"up": { "uv": [ 2.48, 0.4799995, 3.52, 1.52 ], "texture": "#voxels_palette" },
				"north": { "uv": [ 2.48, 0.4799995, 3.52, 1.52 ], "texture": "#voxels_palette" },
				"south": { "uv": [ 2.48, 0.4799995, 3.52, 1.52 ], "texture": "#voxels_palette" },
				"west": { "uv": [ 2.48, 0.4799995, 3.52, 1.52 ], "texture": "#voxels_palette" },
				"east": { "uv": [ 2.48, 0.4799995, 3.52, 1.52 ], "texture": "#voxels_palette" }
			}
		},
		{
			"__comment": "Voxels-382030",
			"from": [ 7.75, 2.5, 4.75 ],
			"to": [ 8, 2.75, 5 ],
			"faces": {
				"down": { "uv": [ 2.48, 0.4799995, 3.52, 1.52 ], "texture": "#voxels_palette" },
				"up": { "uv": [ 2.48, 0.4799995, 3.52, 1.52 ], "texture": "#voxels_palette" },
				"north": { "uv": [ 2.48, 0.4799995, 3.52, 1.52 ], "texture": "#voxels_palette" },
				"south": { "uv": [ 2.48, 0.4799995, 3.52, 1.52 ], "texture": "#voxels_palette" },
				"west": { "uv": [ 2.48, 0.4799995, 3.52, 1.52 ], "texture": "#voxels_palette" },
				"east": { "uv": [ 2.48, 0.4799995, 3.52, 1.52 ], "texture": "#voxels_palette" }
			}
		},
		{
			"__comment": "Voxels-FFFFFF",
			"from": [ 7.75, 2.5, 5 ],
			"to": [ 8, 2.75, 5.5 ],
			"faces": {
				"down": { "uv": [ 10.48, 2.48, 11.52, 3.52 ], "texture": "#voxels_palette" },
				"up": { "uv": [ 10.48, 2.48, 11.52, 3.52 ], "texture": "#voxels_palette" },
				"north": { "uv": [ 10.48, 2.48, 11.52, 3.52 ], "texture": "#voxels_palette" },
				"south": { "uv": [ 10.48, 2.48, 11.52, 3.52 ], "texture": "#voxels_palette" },
				"west": { "uv": [ 10.48, 2.48, 11.52, 3.52 ], "texture": "#voxels_palette" },
				"east": { "uv": [ 10.48, 2.48, 11.52, 3.52 ], "texture": "#voxels_palette" }
			}
		},
		{
			"__comment": "Voxels-C7BEBE",
			"from": [ 7.75, 2.5, 5.5 ],
			"to": [ 8, 2.75, 5.75 ],
			"faces": {
				"down": { "uv": [ 6.48, 0.4799995, 7.52, 1.52 ], "texture": "#voxels_palette" },
				"up": { "uv": [ 6.48, 0.4799995, 7.52, 1.52 ], "texture": "#voxels_palette" },
				"north": { "uv": [ 6.48, 0.4799995, 7.52, 1.52 ], "texture": "#voxels_palette" },
				"south": { "uv": [ 6.48, 0.4799995, 7.52, 1.52 ], "texture": "#voxels_palette" },
				"west": { "uv": [ 6.48, 0.4799995, 7.52, 1.52 ], "texture": "#voxels_palette" },
				"east": { "uv": [ 6.48, 0.4799995, 7.52, 1.52 ], "texture": "#voxels_palette" }
			}
		},
		{
			"__comment": "Voxels-382030",
			"from": [ 7.75, 2.5, 5.75 ],
			"to": [ 8, 2.75, 6 ],
			"faces": {
				"down": { "uv": [ 2.48, 0.4799995, 3.52, 1.52 ], "texture": "#voxels_palette" },
				"up": { "uv": [ 2.48, 0.4799995, 3.52, 1.52 ], "texture": "#voxels_palette" },
				"north": { "uv": [ 2.48, 0.4799995, 3.52, 1.52 ], "texture": "#voxels_palette" },
				"south": { "uv": [ 2.48, 0.4799995, 3.52, 1.52 ], "texture": "#voxels_palette" },
				"west": { "uv": [ 2.48, 0.4799995, 3.52, 1.52 ], "texture": "#voxels_palette" },
				"east": { "uv": [ 2.48, 0.4799995, 3.52, 1.52 ], "texture": "#voxels_palette" }
			}
		},
		{
			"__comment": "Voxels-513B3B",
			"from": [ 7.75, 2.75, 5 ],
			"to": [ 8, 3, 5.25 ],
			"faces": {
				"down": { "uv": [ 4.48, 0.4799995, 5.52, 1.52 ], "texture": "#voxels_palette" },
				"up": { "uv": [ 4.48, 0.4799995, 5.52, 1.52 ], "texture": "#voxels_palette" },
				"north": { "uv": [ 4.48, 0.4799995, 5.52, 1.52 ], "texture": "#voxels_palette" },
				"south": { "uv": [ 4.48, 0.4799995, 5.52, 1.52 ], "texture": "#voxels_palette" },
				"west": { "uv": [ 4.48, 0.4799995, 5.52, 1.52 ], "texture": "#voxels_palette" },
				"east": { "uv": [ 4.48, 0.4799995, 5.52, 1.52 ], "texture": "#voxels_palette" }
			}
		},
		{
			"__comment": "Voxels-382030",
			"from": [ 7.75, 2.75, 5.25 ],
			"to": [ 8, 3, 5.5 ],
			"faces": {
				"down": { "uv": [ 2.48, 0.4799995, 3.52, 1.52 ], "texture": "#voxels_palette" },
				"up": { "uv": [ 2.48, 0.4799995, 3.52, 1.52 ], "texture": "#voxels_palette" },
				"north": { "uv": [ 2.48, 0.4799995, 3.52, 1.52 ], "texture": "#voxels_palette" },
				"south": { "uv": [ 2.48, 0.4799995, 3.52, 1.52 ], "texture": "#voxels_palette" },
				"west": { "uv": [ 2.48, 0.4799995, 3.52, 1.52 ], "texture": "#voxels_palette" },
				"east": { "uv": [ 2.48, 0.4799995, 3.52, 1.52 ], "texture": "#voxels_palette" }
			}
		},
		{
			"__comment": "Voxels-513B3B",
			"from": [ 7.75, 2.75, 5.5 ],
			"to": [ 8, 3, 5.75 ],
			"faces": {
				"down": { "uv": [ 4.48, 0.4799995, 5.52, 1.52 ], "texture": "#voxels_palette" },
				"up": { "uv": [ 4.48, 0.4799995, 5.52, 1.52 ], "texture": "#voxels_palette" },
				"north": { "uv": [ 4.48, 0.4799995, 5.52, 1.52 ], "texture": "#voxels_palette" },
				"south": { "uv": [ 4.48, 0.4799995, 5.52, 1.52 ], "texture": "#voxels_palette" },
				"west": { "uv": [ 4.48, 0.4799995, 5.52, 1.52 ], "texture": "#voxels_palette" },
				"east": { "uv": [ 4.48, 0.4799995, 5.52, 1.52 ], "texture": "#voxels_palette" }
			}
		}
	],
	"display": {
		"thirdperson_righthand": {
			"rotation":  [ -20, 0, 0 ],
			"translation":  [ 0, 18.086, 0 ],
			"scale":  [ 0.0001, 2, 2 ]
		},
		"firstperson_righthand": {
			"rotation":  [ 20, 180, 0 ],
			"translation":  [ 1.3913, 22.258, 0 ],
			"scale":  [ 2, 2, 2 ]
		},
		"gui": {
			"rotation":  [ 0, -90, 0 ],
			"translation":  [ -6, 22.955, 0 ],
			"scale":  [ 3, 3, 3 ]
		}
	}
}